acc_avg_test,acc_slide:0,count_slide:0,acc_slide:1,count_slide:1,acc_slide:2,count_slide:2,acc_slide:3,count_slide:3,acc_slide:4,count_slide:4,acc_slide:5,count_slide:5,acc_slide:6,count_slide:6,acc_slide:7,count_slide:7,acc_slide:8,count_slide:8,acc_slide:9,count_slide:9,acc_slide:10,count_slide:10,acc_slide:11,count_slide:11,acc_slide:12,count_slide:12,acc_slide:13,count_slide:13,acc_slide:14,count_slide:14,acc_slide:15,count_slide:15,acc_slide:16,count_slide:16,acc_slide:17,count_slide:17,acc_slide:18,count_slide:18,acc_slide:19,count_slide:19,acc_slide:20,count_slide:20,acc_slide:21,count_slide:21,acc_slide:22,count_slide:22,acc_slide:23,count_slide:23,acc_slide:24,count_slide:24,acc_slide:25,count_slide:25,acc_slide:26,count_slide:26,acc_slide:27,count_slide:27,acc_slide:28,count_slide:28,acc_slide:29,count_slide:29,acc_slide:30,count_slide:30,acc_slide:31,count_slide:31,acc_slide:32,count_slide:32,acc_slide:33,count_slide:33,acc_slide:34,count_slide:34,acc_slide:35,count_slide:35,acc_slide:36,count_slide:36,acc_slide:37,count_slide:37,acc_slide:38,count_slide:38,acc_slide:39,count_slide:39,acc_slide:40,count_slide:40,acc_slide:41,count_slide:41,acc_slide:42,count_slide:42,acc_slide:43,count_slide:43,acc_slide:44,count_slide:44,acc_slide:45,count_slide:45,acc_slide:46,count_slide:46,acc_slide:47,count_slide:47,acc_slide:48,count_slide:48,acc_slide:49,count_slide:49,acc_wg_test,acc_avg_val,acc_wg_val,acc_avg_idval,acc_wg_idval,epoch,step,acc_avg_train,acc_wg_train
0.6171961426734924,0.33028918504714966,146.0,0.3276353180408478,156.0,0.3043800890445709,149.6666717529297,0.3283652663230896,469.6666564941406,0.3247126340866089,232.0,0.30653804540634155,103.66666412353516,0.3284742534160614,114.33333587646484,0.3333333432674408,55.33333206176758,0.3251059651374817,445.6666564941406,0.29695430397987366,131.3333282470703,0.2521655261516571,692.6666870117188,0.15434741973876953,1790.3333740234375,0.2803519070148468,568.3333129882812,0.3182109296321869,3468.0,0.30255255103111267,296.0,0.3106316030025482,988.6666870117188,0.3020183742046356,1657.0,0.22777986526489258,886.3333129882812,0.28470587730407715,425.0,0.2627238929271698,862.3333129882812,0.2742782235145569,1270.0,0.25311315059661865,1231.3333740234375,0.20582525432109833,2403.333251953125,0.14265002310276031,1762.6666259765625,0.2725939452648163,2575.666748046875,0.21888940036296844,1444.6666259765625,0.2599388360977173,1271.6666259765625,0.2676324248313904,1518.6666259765625,0.1938745528459549,10626.0,0.14390729367733002,4247.33349609375,0.33052435517311096,356.0,0.3272543251514435,109.66666412353516,0.3271889388561249,289.3333435058594,0.3316831588745117,134.6666717529297,0.3159203827381134,134.0,0.32249322533607483,205.0,0.33269840478897095,350.0,0.33084577322006226,178.6666717529297,0.3239305913448334,1914.3333740234375,0.3188483417034149,621.3333129882812,0.3282955586910248,264.6666564941406,0.3306100070476532,408.0,0.32809773087501526,254.6666717529297,0.3290155529975891,257.3333435058594,0.32962045073509216,269.3333435058594,0.31548479199409485,230.3333282470703,0.3255814015865326,172.0,0.32782962918281555,464.3333435058594,0.3261756896972656,1987.0,0.32131272554397583,582.3333129882812,0.42795008420944214,0.8149209022521973,0.4630422592163086,0.9751191735267639,0.8908629417419434,0,1181,,
,0.9582259058952332,3878.0,0.9571324586868286,4129.0,0.8479288220405579,3597.0,0.976202130317688,12228.0,0.9610487818717957,6598.0,0.9128518104553223,2949.0,0.966926097869873,3084.0,0.9643356800079346,1430.0,0.9552731513977051,12118.0,0.8737550973892212,3414.0,0.0,0.0,0.0,0.0,0.0,0.0,0.0,0.0,0.0,0.0,0.0,0.0,0.0,0.0,0.0,0.0,0.0,0.0,0.0,0.0,0.0,0.0,0.0,0.0,0.0,0.0,0.0,0.0,0.0,0.0,0.0,0.0,0.0,0.0,0.0,0.0,0.0,0.0,0.0,0.0,0.9843013882637024,9555.0,0.9751355051994324,3137.0,0.9551676511764526,7963.0,0.9781466126441956,3615.0,0.9394024610519409,3548.0,0.943368673324585,5474.0,0.9899073839187622,9611.0,0.9764730334281921,4803.0,0.9555701613426208,51632.0,0.9416605234146118,17621.0,0.967126190662384,6601.0,0.9776742458343506,10302.0,0.9740954637527466,7103.0,0.9620482921600342,7167.0,0.9753845930099487,7150.0,0.9264165759086609,6265.0,0.9588449001312256,4398.0,0.9775356650352478,13310.0,0.9669622182846069,55149.0,0.9475594162940979,14607.0,,,,,,0,1181,0.9598394632339478,0.8479288220405579
0.5288287401199341,0.32572299242019653,146.0,0.3283475935459137,156.0,0.2954714000225067,149.6666717529297,0.3233971893787384,469.6666564941406,0.32662835717201233,232.0,0.31511253118515015,103.66666412353516,0.3265306055545807,114.33333587646484,0.3333333432674408,55.33333206176758,0.3243580162525177,445.6666564941406,0.302030473947525,131.3333282470703,0.24655117094516754,692.6666870117188,0.15428535640239716,1790.3333740234375,0.272140771150589,568.3333129882812,0.29549533128738403,3468.0,0.30893394351005554,296.0,0.3141155242919922,988.6666870117188,0.30067726969718933,1657.0,0.23103924095630646,886.3333129882812,0.29098039865493774,425.0,0.2721298635005951,862.3333129882812,0.2936132848262787,1270.0,0.26827287673950195,1231.3333740234375,0.1951918601989746,2403.333251953125,0.15008825063705444,1762.6666259765625,0.2914455831050873,2575.666748046875,0.2283494919538498,1444.6666259765625,0.2707732617855072,1271.6666259765625,0.27882644534111023,1518.6666259765625,0.10356149077415466,10626.0,0.1440904140472412,4247.33349609375,0.33208489418029785,356.0,0.32928064465522766,109.66666412353516,0.3264208734035492,289.3333435058594,0.33003300428390503,134.6666717529297,0.32752901315689087,134.0,0.3241192400455475,205.0,0.33269840478897095,350.0,0.33084577322006226,178.6666717529297,0.3236984312534332,1914.3333740234375,0.3290414810180664,621.3333129882812,0.3266162872314453,264.6666564941406,0.32271242141723633,408.0,0.31544503569602966,254.6666717529297,0.3195163905620575,257.3333435058594,0.3246699571609497,269.3333435058594,0.29522430896759033,230.3333282470703,0.3087855279445648,172.0,0.3237616717815399,464.3333435058594,0.3251691460609436,1987.0,0.3270368278026581,582.3333129882812,0.310684472322464,0.7966995239257812,0.46285608410835266,0.9715136885643005,0.885672926902771,1,2363,,
,0.9788550734519958,3878.0,0.9779607653617859,4129.0,0.9224353432655334,3597.0,0.9877330660820007,12228.0,0.9821158051490784,6598.0,0.942353367805481,2949.0,0.9776264429092407,3084.0,0.9839161038398743,1430.0,0.9783792495727539,12118.0,0.9112477898597717,3414.0,0.0,0.0,0.0,0.0,0.0,0.0,0.0,0.0,0.0,0.0,0.0,0.0,0.0,0.0,0.0,0.0,0.0,0.0,0.0,0.0,0.0,0.0,0.0,0.0,0.0,0.0,0.0,0.0,0.0,0.0,0.0,0.0,0.0,0.0,0.0,0.0,0.0,0.0,0.0,0.0,0.9908947944641113,9555.0,0.9799171090126038,3137.0,0.978525698184967,7963.0,0.9917012453079224,3615.0,0.9594137668609619,3548.0,0.9716843366622925,5474.0,0.9956300258636475,9611.0,0.9858421683311462,4803.0,0.9747443199157715,51632.0,0.9756540656089783,17621.0,0.9819724559783936,6601.0,0.993205189704895,10302.0,0.988455593585968,7103.0,0.9814427495002747,7167.0,0.988391637802124,7150.0,0.9695131778717041,6265.0,0.9834015369415283,4398.0,0.9891059398651123,13310.0,0.9773522615432739,55149.0,0.9705620408058167,14607.0,,,,,,1,2363,0.9781275987625122,0.9112477898597717
0.5852047204971313,0.3287671208381653,146.0,0.32977208495140076,156.0,0.31254640221595764,149.6666717529297,0.3302578628063202,469.6666564941406,0.3280651271343231,232.0,0.3204716145992279,103.66666412353516,0.3304179012775421,114.33333587646484,0.3333333432674408,55.33333206176758,0.32809773087501526,445.6666564941406,0.3054145574569702,131.3333282470703,0.2155919075012207,692.6666870117188,0.18196487426757812,1790.3333740234375,0.28817203640937805,568.3333129882812,0.2775534987449646,3468.0,0.2987987995147705,296.0,0.30793437361717224,988.6666870117188,0.3060417175292969,1657.0,0.21825248003005981,886.3333129882812,0.29281046986579895,425.0,0.2646566331386566,862.3333129882812,0.3139982521533966,1270.0,0.29399025440216064,1231.3333740234375,0.1877022534608841,2403.333251953125,0.15639182925224304,1762.6666259765625,0.30572453141212463,2575.666748046875,0.23611752688884735,1444.6666259765625,0.27898645401000977,1271.6666259765625,0.30106818675994873,1518.6666259765625,0.1353388875722885,10626.0,0.15638570487499237,4247.33349609375,0.3308364450931549,356.0,0.33029380440711975,109.66666412353516,0.329877108335495,289.3333435058594,0.33003300428390503,134.6666717529297,0.32006633281707764,134.0,0.3279132843017578,205.0,0.3323809504508972,350.0,0.3314676582813263,178.6666717529297,0.32683268189430237,1914.3333740234375,0.3270743787288666,621.3333129882812,0.3291351795196533,264.6666564941406,0.33169934153556824,408.0,0.33158811926841736,254.6666717529297,0.3316062092781067,257.3333435058594,0.3316831588745117,269.3333435058594,0.32947418093681335,230.3333282470703,0.32687339186668396,172.0,0.3323761522769928,464.3333435058594,0.32729408144950867,1987.0,0.3253195881843567,582.3333129882812,0.40601667761802673,0.785812497138977,0.5458946228027344,0.9840583801269531,0.9162436723709106,2,3545,,
,0.9834966659545898,3878.0,0.9837732911109924,4129.0,0.9496802687644958,3597.0,0.9916585087776184,12228.0,0.9871172904968262,6598.0,0.9582909345626831,2949.0,0.9854085445404053,3084.0,0.985314667224884,1430.0,0.9857237339019775,12118.0,0.9323374629020691,3414.0,0.0,0.0,0.0,0.0,0.0,0.0,0.0,0.0,0.0,0.0,0.0,0.0,0.0,0.0,0.0,0.0,0.0,0.0,0.0,0.0,0.0,0.0,0.0,0.0,0.0,0.0,0.0,0.0,0.0,0.0,0.0,0.0,0.0,0.0,0.0,0.0,0.0,0.0,0.0,0.0,0.9928833246231079,9555.0,0.9843800067901611,3137.0,0.9841768145561218,7963.0,0.9941908717155457,3615.0,0.970969557762146,3548.0,0.9820972084999084,5474.0,0.9969826340675354,9611.0,0.9887570142745972,4803.0,0.9799930453300476,51632.0,0.9833720922470093,17621.0,0.9860627055168152,6601.0,0.9952436685562134,10302.0,0.9918344616889954,7103.0,0.9892563223838806,7167.0,0.9925873875617981,7150.0,0.9818036556243896,6265.0,0.9877216815948486,4398.0,0.9917355179786682,13310.0,0.9816134572029114,55149.0,0.9798042178153992,14607.0,,,,,,2,3545,0.9838577508926392,0.9323374629020691
0.5312507152557373,0.3280060887336731,146.0,0.3311965763568878,156.0,0.30289533734321594,149.6666717529297,0.3262360990047455,469.6666564941406,0.3295018970966339,232.0,0.3279742896556854,103.66666412353516,0.3313896954059601,114.33333587646484,0.3333333432674408,55.33333206176758,0.32685115933418274,445.6666564941406,0.3147208094596863,131.3333282470703,0.2199230045080185,692.6666870117188,0.17153851687908173,1790.3333740234375,0.2889540493488312,568.3333129882812,0.31724977493286133,3468.0,0.31343844532966614,296.0,0.3135536015033722,988.6666870117188,0.30537113547325134,1657.0,0.23166604340076447,886.3333129882812,0.2969934642314911,425.0,0.27998968958854675,862.3333129882812,0.3092738389968872,1270.0,0.2889370024204254,1231.3333740234375,0.18243181705474854,2403.333251953125,0.1531139761209488,1762.6666259765625,0.29981449246406555,2575.666748046875,0.23457930982112885,1444.6666259765625,0.274268239736557,1271.6666259765625,0.3012876808643341,1518.6666259765625,0.0940251350402832,10626.0,0.15235702693462372,4247.33349609375,0.33270910382270813,356.0,0.32928064465522766,109.66666412353516,0.3306451737880707,289.3333435058594,0.3292079269886017,134.6666717529297,0.32587066292762756,134.0,0.3246612548828125,205.0,0.3320634961128235,350.0,0.3283582031726837,178.6666717529297,0.32776132225990295,1914.3333740234375,0.32975679636001587,621.3333129882812,0.3291351795196533,264.6666564941406,0.33224400877952576,408.0,0.3324607312679291,254.6666717529297,0.32944732904434204,257.3333435058594,0.3304455578327179,269.3333435058594,0.32657983899116516,230.3333282470703,0.3262273967266083,172.0,0.332136869430542,464.3333435058594,0.3279092013835907,1987.0,0.32760924100875854,582.3333129882812,0.2820754051208496,0.8265814781188965,0.514615535736084,0.9849821329116821,0.9086859822273254,3,4727,,
,0.9883961081504822,3878.0,0.9881327152252197,4129.0,0.963302731513977,3597.0,0.9942754507064819,12228.0,0.9916641116142273,6598.0,0.9718548655509949,2949.0,0.9883268475532532,3084.0,0.988811194896698,1430.0,0.9889420866966248,12118.0,0.9531341791152954,3414.0,0.0,0.0,0.0,0.0,0.0,0.0,0.0,0.0,0.0,0.0,0.0,0.0,0.0,0.0,0.0,0.0,0.0,0.0,0.0,0.0,0.0,0.0,0.0,0.0,0.0,0.0,0.0,0.0,0.0,0.0,0.0,0.0,0.0,0.0,0.0,0.0,0.0,0.0,0.0,0.0,0.9953950643539429,9555.0,0.9907554984092712,3137.0,0.9884465932846069,7963.0,0.9941908717155457,3615.0,0.9791432023048401,3548.0,0.9857507944107056,5474.0,0.9976069331169128,9611.0,0.9914636611938477,4803.0,0.9859389662742615,51632.0,0.9866636395454407,17621.0,0.9896985292434692,6601.0,0.9965055584907532,10302.0,0.9938054084777832,7103.0,0.9919073581695557,7167.0,0.9942657351493835,7150.0,0.987549901008606,6265.0,0.9888585805892944,4398.0,0.992486834526062,13310.0,0.9840975999832153,55149.0,0.9837064146995544,14607.0,,,,,,3,4727,0.9876601696014404,0.9531341791152954
0.6267665028572083,0.33105024695396423,146.0,0.3276353180408478,156.0,0.3177431523799896,149.6666717529297,0.3314407467842102,469.6666564941406,0.33141762018203735,232.0,0.3204716145992279,103.66666412353516,0.32750242948532104,114.33333587646484,0.3313252925872803,55.33333206176758,0.3298429250717163,445.6666564941406,0.3104906976222992,131.3333282470703,0.1924927830696106,692.6666870117188,0.1913982480764389,1790.3333740234375,0.2856304943561554,568.3333129882812,0.30039727687835693,3468.0,0.29992493987083435,296.0,0.30883345007896423,988.6666870117188,0.29900088906288147,1657.0,0.21649742126464844,886.3333129882812,0.29019609093666077,425.0,0.2587295472621918,862.3333129882812,0.30437445640563965,1270.0,0.28117668628692627,1231.3333740234375,0.20184928178787231,2403.333251953125,0.15355521440505981,1762.6666259765625,0.29390448331832886,2575.666748046875,0.23134903609752655,1444.6666259765625,0.273569256067276,1271.6666259765625,0.2928738594055176,1518.6666259765625,0.17766694724559784,10626.0,0.15607178211212158,4247.33349609375,0.3308364450931549,356.0,0.33029380440711975,109.66666412353516,0.3291090726852417,289.3333435058594,0.3292079269886017,134.6666717529297,0.3159203827381134,134.0,0.3273712694644928,205.0,0.33142855763435364,350.0,0.3277363181114197,178.6666717529297,0.3285158574581146,1914.3333740234375,0.32671675086021423,621.3333129882812,0.3291351795196533,264.6666564941406,0.33224400877952576,408.0,0.3311518132686615,254.6666717529297,0.3303108811378479,257.3333435058594,0.3304455578327179,269.3333435058594,0.3207911252975464,230.3333282470703,0.32751938700675964,172.0,0.32878679037094116,464.3333435058594,0.3283006250858307,1987.0,0.32665520906448364,582.3333129882812,0.46066564321517944,0.8013980984687805,0.5741947293281555,0.984803318977356,0.9314720630645752,4,5909,,
,0.9904590249061584,3878.0,0.9915233850479126,4129.0,0.9747011661529541,3597.0,0.995747447013855,12228.0,0.9930281639099121,6598.0,0.9793150424957275,2949.0,0.994163453578949,3084.0,0.9902098178863525,1430.0,0.9914177060127258,12118.0,0.9669010043144226,3414.0,0.0,0.0,0.0,0.0,0.0,0.0,0.0,0.0,0.0,0.0,0.0,0.0,0.0,0.0,0.0,0.0,0.0,0.0,0.0,0.0,0.0,0.0,0.0,0.0,0.0,0.0,0.0,0.0,0.0,0.0,0.0,0.0,0.0,0.0,0.0,0.0,0.0,0.0,0.0,0.0,0.9954997301101685,9555.0,0.9939432740211487,3137.0,0.9915860891342163,7963.0,0.9950207471847534,3615.0,0.9839345812797546,3548.0,0.991413950920105,5474.0,0.9977109432220459,9611.0,0.9952113032341003,4803.0,0.98909592628479,51632.0,0.9913171529769897,17621.0,0.9921224117279053,6601.0,0.9975733160972595,10302.0,0.9938054084777832,7103.0,0.9942793250083923,7167.0,0.996503472328186,7150.0,0.9897845387458801,6265.0,0.9929513335227966,4398.0,0.9935386776924133,13310.0,0.986092209815979,55149.0,0.9884986877441406,14607.0,,,,,,4,5909,0.9904574751853943,0.9669010043144226
0.5517200827598572,0.3287671208381653,146.0,0.32478633522987366,156.0,0.3192279040813446,149.6666717529297,0.32883843779563904,469.6666564941406,0.32662835717201233,232.0,0.32261523604393005,103.66666412353516,0.3304179012775421,114.33333587646484,0.3333333432674408,55.33333206176758,0.3285963535308838,445.6666564941406,0.3037225008010864,131.3333282470703,0.238691046833992,692.6666870117188,0.24979829788208008,1790.3333740234375,0.27761486172676086,568.3333129882812,0.30779829621315,3468.0,0.3003003001213074,296.0,0.3008541166782379,988.6666870117188,0.3055723011493683,1657.0,0.22376833856105804,886.3333129882812,0.29019609093666077,425.0,0.24610231816768646,862.3333129882812,0.32397201657295227,1270.0,0.31781265139579773,1231.3333740234375,0.15802127122879028,2403.333251953125,0.1579677313566208,1762.6666259765625,0.30904620885849,2575.666748046875,0.2411167472600937,1444.6666259765625,0.2783748209476471,1271.6666259765625,0.316066712141037,1518.6666259765625,0.10435619205236435,10626.0,0.15675194561481476,4247.33349609375,0.3323970139026642,356.0,0.33029380440711975,109.66666412353516,0.32526883482933044,289.3333435058594,0.3308580815792084,134.6666717529297,0.32752901315689087,134.0,0.32899728417396545,205.0,0.33269840478897095,350.0,0.33084577322006226,178.6666717529297,0.32567182183265686,1914.3333740234375,0.31813305616378784,621.3333129882812,0.3308144509792328,264.6666564941406,0.33224400877952576,408.0,0.3324607312679291,254.6666717529297,0.332038015127182,257.3333435058594,0.3304455578327179,269.3333435058594,0.327544629573822,230.3333282470703,0.328811377286911,172.0,0.332136869430542,464.3333435058594,0.2538164556026459,1987.0,0.3228391706943512,582.3333129882812,0.31306856870651245,0.8417086601257324,0.6713050007820129,0.9425506591796875,0.76144939661026,5,7091,,
,0.9940690994262695,3878.0,0.9946718215942383,4129.0,0.9813733696937561,3597.0,0.9964017271995544,12228.0,0.9960594177246094,6598.0,0.9799932241439819,2949.0,0.9948119521141052,3084.0,0.996503472328186,1430.0,0.9938933849334717,12118.0,0.9745166897773743,3414.0,0.0,0.0,0.0,0.0,0.0,0.0,0.0,0.0,0.0,0.0,0.0,0.0,0.0,0.0,0.0,0.0,0.0,0.0,0.0,0.0,0.0,0.0,0.0,0.0,0.0,0.0,0.0,0.0,0.0,0.0,0.0,0.0,0.0,0.0,0.0,0.0,0.0,0.0,0.0,0.0,0.9969649314880371,9555.0,0.9968122243881226,3137.0,0.9924651384353638,7963.0,0.9964038729667664,3615.0,0.9895715713500977,3548.0,0.9930580854415894,5474.0,0.9978150129318237,9611.0,0.9970851540565491,4803.0,0.9907615184783936,51632.0,0.993019700050354,17621.0,0.9954552054405212,6601.0,0.9986410140991211,10302.0,0.9960579872131348,7103.0,0.9951165318489075,7167.0,0.9973426461219788,7150.0,0.9904229640960693,6265.0,0.9938608407974243,4398.0,0.995567262172699,13310.0,0.987851083278656,55149.0,0.9914424419403076,14607.0,,,,,,5,7091,0.9923554062843323,0.9745166897773743
0.537423312664032,0.32952815294265747,146.0,0.3276353180408478,156.0,0.3244246542453766,149.6666717529297,0.3312041461467743,469.6666564941406,0.3285440504550934,232.0,0.3172561824321747,103.66666412353516,0.32750242948532104,114.33333587646484,0.3313252925872803,55.33333206176758,0.32809773087501526,445.6666564941406,0.30287647247314453,131.3333282470703,0.16586461663246155,692.6666870117188,0.18239931762218475,1790.3333740234375,0.2920821011066437,568.3333129882812,0.29491862654685974,3468.0,0.2912912964820862,296.0,0.3038885295391083,988.6666870117188,0.29745858907699585,1657.0,0.20634323358535767,886.3333129882812,0.29464051127433777,425.0,0.24185027182102203,862.3333129882812,0.32685914635658264,1270.0,0.3204295337200165,1231.3333740234375,0.13962090015411377,2403.333251953125,0.1572112888097763,1762.6666259765625,0.312238484621048,2575.666748046875,0.24650053679943085,1444.6666259765625,0.2828309237957001,1271.6666259765625,0.3187737762928009,1518.6666259765625,0.09224752336740494,10626.0,0.1582692414522171,4247.33349609375,0.329275906085968,356.0,0.32826748490333557,109.66666412353516,0.329877108335495,289.3333435058594,0.327557772397995,134.6666717529297,0.32006633281707764,134.0,0.3252032697200775,205.0,0.33142855763435364,350.0,0.32711443305015564,178.6666717529297,0.326542466878891,1914.3333740234375,0.3263590931892395,621.3333129882812,0.3295550048351288,264.6666564941406,0.3311546742916107,408.0,0.3333333432674408,254.6666717529297,0.3333333432674408,257.3333435058594,0.3308580815792084,269.3333435058594,0.32947418093681335,230.3333282470703,0.32687339186668396,172.0,0.32950466871261597,464.3333435058594,0.26505619287490845,1987.0,0.3209311068058014,582.3333129882812,0.2767425775527954,0.780368983745575,0.49759384989738464,0.9492550492286682,0.7951685786247253,6,8273,,
,0.9951005578041077,3878.0,0.9946718215942383,4129.0,0.9888796210289001,3597.0,0.9984461665153503,12228.0,0.9960594177246094,6598.0,0.9840623736381531,2949.0,0.996757447719574,3084.0,0.9958041906356812,1430.0,0.9951311945915222,12118.0,0.9827182292938232,3414.0,0.0,0.0,0.0,0.0,0.0,0.0,0.0,0.0,0.0,0.0,0.0,0.0,0.0,0.0,0.0,0.0,0.0,0.0,0.0,0.0,0.0,0.0,0.0,0.0,0.0,0.0,0.0,0.0,0.0,0.0,0.0,0.0,0.0,0.0,0.0,0.0,0.0,0.0,0.0,0.0,0.997802197933197,9555.0,0.9974498152732849,3137.0,0.9949767589569092,7963.0,0.9977869987487793,3615.0,0.9898534417152405,3548.0,0.9952502846717834,5474.0,0.9986473917961121,9611.0,0.9979179501533508,4803.0,0.9924271702766418,51632.0,0.9940979480743408,17621.0,0.9956067204475403,6601.0,0.9982527494430542,10302.0,0.9971842765808105,7103.0,0.996651291847229,7167.0,0.9976223707199097,7150.0,0.994413435459137,6265.0,0.9954524636268616,4398.0,0.9951915740966797,13310.0,0.989936351776123,55149.0,0.9919216632843018,14607.0,,,,,,6,8273,0.9938367009162903,0.9827182292938232
0.5936934351921082,0.33105024695396423,146.0,0.32977208495140076,156.0,0.3177431523799896,149.6666717529297,0.3302578628063202,469.6666564941406,0.32902297377586365,232.0,0.3076098561286926,103.66666412353516,0.33236151933670044,114.33333587646484,0.3333333432674408,55.33333206176758,0.3290949761867523,445.6666564941406,0.3113367259502411,131.3333282470703,0.25200513005256653,692.6666870117188,0.18066157400608063,1790.3333740234375,0.28406646847724915,568.3333129882812,0.2629757821559906,3468.0,0.30630630254745483,296.0,0.30793437361717224,988.6666870117188,0.29846441745758057,1657.0,0.22013288736343384,886.3333129882812,0.29150328040122986,425.0,0.26839324831962585,862.3333129882812,0.28267717361450195,1270.0,0.2517596185207367,1231.3333740234375,0.1943596750497818,2403.333251953125,0.15034039318561554,1762.6666259765625,0.28609636425971985,2575.666748046875,0.2188124805688858,1444.6666259765625,0.26614242792129517,1271.6666259765625,0.2732660174369812,1518.6666259765625,0.16613338887691498,10626.0,0.1501595824956894,4247.33349609375,0.33270910382270813,356.0,0.33130699396133423,109.66666412353516,0.3306451737880707,289.3333435058594,0.33250823616981506,134.6666717529297,0.32918739318847656,134.0,0.3300813138484955,205.0,0.3333333432674408,350.0,0.3314676582813263,178.6666717529297,0.3278193771839142,1914.3333740234375,0.3274320363998413,621.3333129882812,0.3308144509792328,264.6666564941406,0.33169934153556824,408.0,0.32940664887428284,254.6666717529297,0.3255613148212433,257.3333435058594,0.3292079269886017,269.3333435058594,0.3207911252975464,230.3333282470703,0.32751938700675964,172.0,0.3297439515590668,464.3333435058594,0.3289157450199127,1987.0,0.32741841673851013,582.3333129882812,0.450478732585907,0.7765299081802368,0.5419847369194031,0.9856376647949219,0.9228295683860779,7,9455,,
,0.9951005578041077,3878.0,0.9970937371253967,4129.0,0.9913817048072815,3597.0,0.9979555010795593,12228.0,0.996514081954956,6598.0,0.9871142506599426,2949.0,0.9961089491844177,3084.0,0.9986013770103455,1430.0,0.9962040185928345,12118.0,0.9862331748008728,3414.0,0.0,0.0,0.0,0.0,0.0,0.0,0.0,0.0,0.0,0.0,0.0,0.0,0.0,0.0,0.0,0.0,0.0,0.0,0.0,0.0,0.0,0.0,0.0,0.0,0.0,0.0,0.0,0.0,0.0,0.0,0.0,0.0,0.0,0.0,0.0,0.0,0.0,0.0,0.0,0.0,0.9976975321769714,9555.0,0.9971309900283813,3137.0,0.9956046938896179,7963.0,0.9977869987487793,3615.0,0.9915445446968079,3548.0,0.9965290427207947,5474.0,0.9983352422714233,9611.0,0.9983343482017517,4803.0,0.9938604235649109,51632.0,0.9960274696350098,17621.0,0.9971216320991516,6601.0,0.9991263747215271,10302.0,0.9969027042388916,7103.0,0.9972094297409058,7167.0,0.9974825382232666,7150.0,0.9952114820480347,6265.0,0.9972714781761169,4398.0,0.9969196319580078,13310.0,0.9908973574638367,55149.0,0.9934278130531311,14607.0,,,,,,7,9455,0.9948484897613525,0.9862331748008728
0.6478825211524963,0.33028918504714966,146.0,0.3304843306541443,156.0,0.3236822485923767,149.6666717529297,0.33096757531166077,469.6666564941406,0.3285440504550934,232.0,0.321543425321579,103.66666412353516,0.33236151933670044,114.33333587646484,0.3313252925872803,55.33333206176758,0.33009225130081177,445.6666564941406,0.3104906976222992,131.3333282470703,0.2608277201652527,692.6666870117188,0.17544840276241302,1790.3333740234375,0.29012706875801086,568.3333129882812,0.2827758491039276,3468.0,0.3081831634044647,296.0,0.3106316030025482,988.6666870117188,0.3028230369091034,1657.0,0.22163720428943634,886.3333129882812,0.29464051127433777,425.0,0.2655585706233978,862.3333129882812,0.31216099858283997,1270.0,0.3030138909816742,1231.3333740234375,0.1869625449180603,2403.333251953125,0.1567070037126541,1762.6666259765625,0.29938313364982605,2575.666748046875,0.23457930982112885,1444.6666259765625,0.2760157287120819,1271.6666259765625,0.3099941313266754,1518.6666259765625,0.18796662986278534,10626.0,0.16446921229362488,4247.33349609375,0.33302122354507446,356.0,0.3323201537132263,109.66666412353516,0.33102917671203613,289.3333435058594,0.3316831588745117,134.6666717529297,0.3316749632358551,134.0,0.3306232988834381,205.0,0.33269840478897095,350.0,0.33208954334259033,178.6666717529297,0.3261941969394684,1914.3333740234375,0.3274320363998413,621.3333129882812,0.33123424649238586,264.6666564941406,0.33169934153556824,408.0,0.3311518132686615,254.6666717529297,0.33246979117393494,257.3333435058594,0.3304455578327179,269.3333435058594,0.327544629573822,230.3333282470703,0.32751938700675964,172.0,0.3314189910888672,464.3333435058594,0.3260079324245453,1987.0,0.32570120692253113,582.3333129882812,0.47012102603912354,0.7970433235168457,0.5263451933860779,0.9852204918861389,0.9314720630645752,8,10637,,
,0.994584858417511,3878.0,0.9973359107971191,4129.0,0.9913817048072815,3597.0,0.9980372786521912,12228.0,0.9981812834739685,6598.0,0.9905052781105042,2949.0,0.9970816969871521,3084.0,0.9944055676460266,1430.0,0.9957088828086853,12118.0,0.9865260720252991,3414.0,0.0,0.0,0.0,0.0,0.0,0.0,0.0,0.0,0.0,0.0,0.0,0.0,0.0,0.0,0.0,0.0,0.0,0.0,0.0,0.0,0.0,0.0,0.0,0.0,0.0,0.0,0.0,0.0,0.0,0.0,0.0,0.0,0.0,0.0,0.0,0.0,0.0,0.0,0.0,0.0,0.9987441301345825,9555.0,0.9980873465538025,3137.0,0.9964837431907654,7963.0,0.9972337484359741,3615.0,0.9926719069480896,3548.0,0.9970771074295044,5474.0,0.9994797706604004,9611.0,0.9985426068305969,4803.0,0.9949837327003479,51632.0,0.9951194524765015,17621.0,0.9978790879249573,6601.0,0.9990293383598328,10302.0,0.9978882074356079,7103.0,0.9972094297409058,7167.0,0.9983216524124146,7150.0,0.9969672560691833,6265.0,0.9974988698959351,4398.0,0.9969947338104248,13310.0,0.9925112128257751,55149.0,0.9944547414779663,14607.0,,,,,,8,10637,0.9955957531929016,0.9865260720252991
0.5690737366676331,0.3318112790584564,146.0,0.32977208495140076,156.0,0.3199703097343445,149.6666717529297,0.3286018371582031,469.6666564941406,0.32998085021972656,232.0,0.32368704676628113,103.66666412353516,0.32944604754447937,114.33333587646484,0.3333333432674408,55.33333206176758,0.33034154772758484,445.6666564941406,0.3147208094596863,131.3333282470703,0.2548925280570984,692.6666870117188,0.2929311692714691,1790.3333740234375,0.29736068844795227,568.3333129882812,0.3121555745601654,3468.0,0.3104354441165924,296.0,0.3107439875602722,988.6666870117188,0.3014819324016571,1657.0,0.2584931552410126,886.3333129882812,0.3090195953845978,425.0,0.25769874453544617,862.3333129882812,0.3263342082500458,1270.0,0.31970763206481934,1231.3333740234375,0.1537679135799408,2403.333251953125,0.15935452282428741,1762.6666259765625,0.31504249572753906,2575.666748046875,0.24842332303524017,1444.6666259765625,0.28449103236198425,1271.6666259765625,0.32104185223579407,1518.6666259765625,0.11531463265419006,10626.0,0.15879245102405548,4247.33349609375,0.33302122354507446,356.0,0.33029380440711975,109.66666412353516,0.3291090726852417,289.3333435058594,0.33250823616981506,134.6666717529297,0.33250415325164795,134.0,0.3279132843017578,205.0,0.33269840478897095,350.0,0.33084577322006226,178.6666717529297,0.3236984312534332,1914.3333740234375,0.32349786162376404,621.3333129882812,0.3303946256637573,264.6666564941406,0.33169934153556824,408.0,0.3333333432674408,254.6666717529297,0.3333333432674408,257.3333435058594,0.3308580815792084,269.3333435058594,0.3318861424922943,230.3333282470703,0.3281653821468353,172.0,0.3328547477722168,464.3333435058594,0.3124196231365204,1987.0,0.3262736201286316,582.3333129882812,0.3459438979625702,0.8854286074638367,0.7646775841712952,0.9762812852859497,0.9372588396072388,9,11819,,
,0.9963898658752441,3878.0,0.9970937371253967,4129.0,0.992493748664856,3597.0,0.9982008337974548,12228.0,0.9980297088623047,6598.0,0.9918616414070129,2949.0,0.9970816969871521,3084.0,0.9979020953178406,1430.0,0.9969466924667358,12118.0,0.9885764718055725,3414.0,0.0,0.0,0.0,0.0,0.0,0.0,0.0,0.0,0.0,0.0,0.0,0.0,0.0,0.0,0.0,0.0,0.0,0.0,0.0,0.0,0.0,0.0,0.0,0.0,0.0,0.0,0.0,0.0,0.0,0.0,0.0,0.0,0.0,0.0,0.0,0.0,0.0,0.0,0.0,0.0,0.9981161952018738,9555.0,0.9980873465538025,3137.0,0.9978651404380798,7963.0,0.9986168742179871,3615.0,0.9949266910552979,3548.0,0.9983558654785156,5474.0,0.9992716908454895,9611.0,0.9985426068305969,4803.0,0.9950612187385559,51632.0,0.9965949654579163,17621.0,0.998788058757782,6601.0,0.9993205070495605,10302.0,0.9983105659484863,7103.0,0.997348964214325,7167.0,0.9984615445137024,7150.0,0.9964884519577026,6265.0,0.9988631010055542,4398.0,0.9973704218864441,13310.0,0.9936535358428955,55149.0,0.9958239197731018,14607.0,,,,,,9,11819,0.9962570667266846,0.9885764718055725
0.5720483660697937,0.32952815294265747,146.0,0.3311965763568878,156.0,0.3229398727416992,149.6666717529297,0.33073100447654724,469.6666564941406,0.32902297377586365,232.0,0.3290461003780365,103.66666412353516,0.3313896954059601,114.33333587646484,0.3313252925872803,55.33333206176758,0.33009225130081177,445.6666564941406,0.32148900628089905,131.3333282470703,0.21045877039432526,692.6666870117188,0.2617762088775635,1790.3333740234375,0.2981427013874054,568.3333129882812,0.2967768609523773,3468.0,0.30255255103111267,296.0,0.30883345007896423,988.6666870117188,0.3060417175292969,1657.0,0.22552336752414703,886.3333129882812,0.3011764585971832,425.0,0.25602370500564575,862.3333129882812,0.31111112236976624,1270.0,0.2935390770435333,1231.3333740234375,0.16578824818134308,2403.333251953125,0.15563540160655975,1762.6666259765625,0.30296364426612854,2575.666748046875,0.2321181297302246,1444.6666259765625,0.2783748209476471,1271.6666259765625,0.3083113729953766,1518.6666259765625,0.13036158680915833,10626.0,0.15390048921108246,4247.33349609375,0.33021223545074463,356.0,0.3333333432674408,109.66666412353516,0.33026114106178284,289.3333435058594,0.33003300428390503,134.6666717529297,0.32006633281707764,134.0,0.32682928442955017,205.0,0.33174601197242737,350.0,0.3314676582813263,178.6666717529297,0.33019909262657166,1914.3333740234375,0.33082976937294006,621.3333129882812,0.33123424649238586,264.6666564941406,0.331971675157547,408.0,0.33289703726768494,254.6666717529297,0.33246979117393494,257.3333435058594,0.3308580815792084,269.3333435058594,0.33092138171195984,230.3333282470703,0.3301033675670624,172.0,0.3314189910888672,464.3333435058594,0.32416263222694397,1987.0,0.32417479157447815,582.3333129882812,0.391084760427475,0.8415654301643372,0.631376326084137,0.9865613579750061,0.9601989984512329,10,13001,,
,0.9974213242530823,3878.0,0.9978203177452087,4129.0,0.9941617846488953,3597.0,0.9986914992332458,12228.0,0.9978781342506409,6598.0,0.9894879460334778,2949.0,0.9980545043945312,3084.0,0.9979020953178406,1430.0,0.9975243210792542,12118.0,0.9912126660346985,3414.0,0.0,0.0,0.0,0.0,0.0,0.0,0.0,0.0,0.0,0.0,0.0,0.0,0.0,0.0,0.0,0.0,0.0,0.0,0.0,0.0,0.0,0.0,0.0,0.0,0.0,0.0,0.0,0.0,0.0,0.0,0.0,0.0,0.0,0.0,0.0,0.0,0.0,0.0,0.0,0.0,0.9985347986221313,9555.0,0.9984061121940613,3137.0,0.9969860315322876,7963.0,0.9991701245307922,3615.0,0.9946448802947998,3548.0,0.9963463544845581,5474.0,0.9992716908454895,9611.0,0.9979179501533508,4803.0,0.9960683584213257,51632.0,0.9972759485244751,17621.0,0.997727632522583,6601.0,0.9992234706878662,10302.0,0.9977474212646484,7103.0,0.997348964214325,7167.0,0.9990209937095642,7150.0,0.9969672560691833,6265.0,0.9959072470664978,4398.0,0.9973704218864441,13310.0,0.9944876432418823,55149.0,0.9950708746910095,14607.0,,,,,,10,13001,0.9965744614601135,0.9894879460334778
0.5296164751052856,0.3318112790584564,146.0,0.3333333432674408,156.0,0.3229398727416992,149.6666717529297,0.32907500863075256,469.6666564941406,0.32758620381355286,232.0,0.3279742896556854,103.66666412353516,0.32944604754447937,114.33333587646484,0.3333333432674408,55.33333206176758,0.33009225130081177,445.6666564941406,0.3172588646411896,131.3333282470703,0.22264999151229858,692.6666870117188,0.21051324903964996,1790.3333740234375,0.30576735734939575,568.3333129882812,0.2913302481174469,3468.0,0.3055555522441864,296.0,0.3138907551765442,988.6666870117188,0.3052370250225067,1657.0,0.21925537288188934,886.3333129882812,0.2993464171886444,425.0,0.25602370500564575,862.3333129882812,0.31539806723594666,1270.0,0.2957949936389923,1231.3333740234375,0.14387424290180206,2403.333251953125,0.15349218249320984,1762.6666259765625,0.30015960335731506,2575.666748046875,0.23442547023296356,1444.6666259765625,0.27549147605895996,1271.6666259765625,0.30750659108161926,1518.6666259765625,0.09818684309720993,10626.0,0.15340344607830048,4247.33349609375,0.33270910382270813,356.0,0.33130699396133423,109.66666412353516,0.33102917671203613,289.3333435058594,0.33250823616981506,134.6666717529297,0.32918739318847656,134.0,0.32953929901123047,205.0,0.3333333432674408,350.0,0.3314676582813263,178.6666717529297,0.3282836973667145,1914.3333740234375,0.3285050094127655,621.3333129882812,0.3308144509792328,264.6666564941406,0.3314270079135895,408.0,0.3333333432674408,254.6666717529297,0.33290156722068787,257.3333435058594,0.3316831588745117,269.3333435058594,0.3304389715194702,230.3333282470703,0.3281653821468353,172.0,0.32926538586616516,464.3333435058594,0.3211430013179779,1987.0,0.3262736201286316,582.3333129882812,0.2945605218410492,0.8158663511276245,0.6315397620201111,0.9841775894165039,0.9517766237258911,11,14183,,
,0.9971634745597839,3878.0,0.9975780844688416,4129.0,0.9930497407913208,3597.0,0.9983643889427185,12228.0,0.9980297088623047,6598.0,0.9952526092529297,2949.0,0.9980545043945312,3084.0,0.9972028136253357,1430.0,0.997194230556488,12118.0,0.9923843145370483,3414.0,0.0,0.0,0.0,0.0,0.0,0.0,0.0,0.0,0.0,0.0,0.0,0.0,0.0,0.0,0.0,0.0,0.0,0.0,0.0,0.0,0.0,0.0,0.0,0.0,0.0,0.0,0.0,0.0,0.0,0.0,0.0,0.0,0.0,0.0,0.0,0.0,0.0,0.0,0.0,0.0,0.9982208013534546,9555.0,0.9977685809135437,3137.0,0.9987441897392273,7963.0,0.9991701245307922,3615.0,0.9929537773132324,3548.0,0.9974424839019775,5474.0,0.9993757009506226,9611.0,0.9977097511291504,4803.0,0.9961651563644409,51632.0,0.9968787431716919,17621.0,0.9974246621131897,6601.0,0.9992234706878662,10302.0,0.9977474212646484,7103.0,0.9979071021080017,7167.0,0.9987412691116333,7150.0,0.9963288307189941,6265.0,0.9986357688903809,4398.0,0.9979714751243591,13310.0,0.9949772357940674,55149.0,0.9953446984291077,14607.0,,,,,,11,14183,0.9967761635780334,0.9923843145370483
0.515496015548706,0.32496193051338196,146.0,0.32905980944633484,156.0,0.3229398727416992,149.6666717529297,0.3271823823451996,469.6666564941406,0.3280651271343231,232.0,0.3204716145992279,103.66666412353516,0.3313896954059601,114.33333587646484,0.3313252925872803,55.33333206176758,0.3298429250717163,445.6666564941406,0.312182754278183,131.3333282470703,0.22393326461315155,692.6666870117188,0.21156829595565796,1790.3333740234375,0.28387096524238586,568.3333129882812,0.30594003200531006,3468.0,0.30855855345726013,296.0,0.30917060375213623,988.6666870117188,0.30356064438819885,1657.0,0.23091387748718262,886.3333129882812,0.29542484879493713,425.0,0.262337327003479,862.3333129882812,0.3156605362892151,1270.0,0.3004872798919678,1231.3333740234375,0.15168747305870056,2403.333251953125,0.1552571803331375,1762.6666259765625,0.30757948756217957,2575.666748046875,0.23804031312465668,1444.6666259765625,0.2780253291130066,1271.6666259765625,0.30970150232315063,1518.6666259765625,0.07989836484193802,10626.0,0.15387432277202606,4247.33349609375,0.3308364450931549,356.0,0.3323201537132263,109.66666412353516,0.33102917671203613,289.3333435058594,0.33003300428390503,134.6666717529297,0.3159203827381134,134.0,0.32682928442955017,205.0,0.3323809504508972,350.0,0.33084577322006226,178.6666717529297,0.33002495765686035,1914.3333740234375,0.32814735174179077,621.3333129882812,0.3320738971233368,264.6666564941406,0.3325163424015045,408.0,0.3324607312679291,254.6666717529297,0.33246979117393494,257.3333435058594,0.3308580815792084,269.3333435058594,0.32947418093681335,230.3333282470703,0.328811377286911,172.0,0.3311797082424164,464.3333435058594,0.32623162865638733,1987.0,0.32760924100875854,582.3333129882812,0.23969508707523346,0.8283864259719849,0.6347048878669739,0.9861739873886108,0.9365482330322266,12,15365,,
,0.9981949329376221,3878.0,0.998546838760376,4129.0,0.9930497407913208,3597.0,0.9985279440879822,12228.0,0.9986359477043152,6598.0,0.9908443689346313,2949.0,0.996757447719574,3084.0,0.9986013770103455,1430.0,0.9985971450805664,12118.0,0.9926772117614746,3414.0,0.0,0.0,0.0,0.0,0.0,0.0,0.0,0.0,0.0,0.0,0.0,0.0,0.0,0.0,0.0,0.0,0.0,0.0,0.0,0.0,0.0,0.0,0.0,0.0,0.0,0.0,0.0,0.0,0.0,0.0,0.0,0.0,0.0,0.0,0.0,0.0,0.0,0.0,0.0,0.0,0.9989534020423889,9555.0,0.9996812343597412,3137.0,0.9978651404380798,7963.0,0.9991701245307922,3615.0,0.9971815347671509,3548.0,0.997259795665741,5474.0,0.9993757009506226,9611.0,0.9987508058547974,4803.0,0.9967461824417114,51632.0,0.9973894953727722,17621.0,0.9996970295906067,6601.0,0.9996117353439331,10302.0,0.9984513521194458,7103.0,0.9979071021080017,7167.0,0.9990209937095642,7150.0,0.9969672560691833,6265.0,0.9990904927253723,4398.0,0.9986476302146912,13310.0,0.9954849481582642,55149.0,0.9967823624610901,14607.0,,,,,,12,15365,0.9973415732383728,0.9908443689346313
0.5375643968582153,0.32952815294265747,146.0,0.32977208495140076,156.0,0.32145509123802185,149.6666717529297,0.3312041461467743,469.6666564941406,0.3318965435028076,232.0,0.3279742896556854,103.66666412353516,0.3284742534160614,114.33333587646484,0.3253012001514435,55.33333206176758,0.32959362864494324,445.6666564941406,0.3104906976222992,131.3333282470703,0.20773179829120636,692.6666870117188,0.21684354543685913,1790.3333740234375,0.2950146496295929,568.3333129882812,0.3168012201786041,3468.0,0.2987987995147705,296.0,0.30872106552124023,988.6666870117188,0.30818748474121094,1657.0,0.21862857043743134,886.3333129882812,0.29908496141433716,425.0,0.24687540531158447,862.3333129882812,0.3179352581501007,1270.0,0.2986825406551361,1231.3333740234375,0.17693018913269043,2403.333251953125,0.15708522498607635,1762.6666259765625,0.309089332818985,2575.666748046875,0.2363482564687729,1444.6666259765625,0.2795107066631317,1271.6666259765625,0.30948200821876526,1518.6666259765625,0.09152602404356003,10626.0,0.15798147022724152,4247.33349609375,0.3317727744579315,356.0,0.33130699396133423,109.66666412353516,0.32949307560920715,289.3333435058594,0.3316831588745117,134.6666717529297,0.3225539028644562,134.0,0.3284552991390228,205.0,0.3333333432674408,350.0,0.33208954334259033,178.6666717529297,0.3291543424129486,1914.3333740234375,0.33082976937294006,621.3333129882812,0.33123424649238586,264.6666564941406,0.3325163424015045,408.0,0.33158811926841736,254.6666717529297,0.3303108811378479,257.3333435058594,0.33127063512802124,269.3333435058594,0.3256150484085083,230.3333282470703,0.328811377286911,172.0,0.3314189910888672,464.3333435058594,0.32908347249031067,1987.0,0.328181654214859,582.3333129882812,0.2745780646800995,0.8345462083816528,0.6231954097747803,0.9886472225189209,0.9314720630645752,13,16547,,
,0.9984527826309204,3878.0,0.9980624914169312,4129.0,0.9938837885856628,3597.0,0.9989368915557861,12228.0,0.9984843730926514,6598.0,0.9935571551322937,2949.0,0.9983787536621094,3084.0,0.996503472328186,1430.0,0.9980194568634033,12118.0,0.9915055632591248,3414.0,0.0,0.0,0.0,0.0,0.0,0.0,0.0,0.0,0.0,0.0,0.0,0.0,0.0,0.0,0.0,0.0,0.0,0.0,0.0,0.0,0.0,0.0,0.0,0.0,0.0,0.0,0.0,0.0,0.0,0.0,0.0,0.0,0.0,0.0,0.0,0.0,0.0,0.0,0.0,0.0,0.9992673993110657,9555.0,0.9990436434745789,3137.0,0.9982418417930603,7963.0,0.9991701245307922,3615.0,0.9960541129112244,3548.0,0.997259795665741,5474.0,0.9991676211357117,9611.0,0.9989590048789978,4803.0,0.9968042969703674,51632.0,0.9977867603302002,17621.0,0.9978790879249573,6601.0,0.999514639377594,10302.0,0.9983105659484863,7103.0,0.9988837838172913,7167.0,0.9983216524124146,7150.0,0.9969672560691833,6265.0,0.9990904927253723,4398.0,0.9984222650527954,13310.0,0.9959745407104492,55149.0,0.9965085387229919,14607.0,,,,,,13,16547,0.9974143505096436,0.9915055632591248
0.5423495769500732,0.3318112790584564,146.0,0.33190882205963135,156.0,0.32219746708869934,149.6666717529297,0.33096757531166077,469.6666564941406,0.3295018970966339,232.0,0.321543425321579,103.66666412353516,0.3304179012775421,114.33333587646484,0.3313252925872803,55.33333206176758,0.3305908739566803,445.6666564941406,0.32233503460884094,131.3333282470703,0.2322746366262436,692.6666870117188,0.1716005802154541,1790.3333740234375,0.29853370785713196,568.3333129882812,0.24471355974674225,3468.0,0.3059309422969818,296.0,0.3126545250415802,988.6666870117188,0.3081204295158386,1657.0,0.22000752389431,886.3333129882812,0.2943790853023529,425.0,0.2597603499889374,862.3333129882812,0.30402448773384094,1270.0,0.2702580690383911,1231.3333740234375,0.17374016344547272,2403.333251953125,0.15809379518032074,1762.6666259765625,0.3077951967716217,2575.666748046875,0.234502375125885,1444.6666259765625,0.28003495931625366,1271.6666259765625,0.2851185202598572,1518.6666259765625,0.10563188791275024,10626.0,0.15709203481674194,4247.33349609375,0.33270910382270813,356.0,0.3323201537132263,109.66666412353516,0.3291090726852417,289.3333435058594,0.33250823616981506,134.6666717529297,0.326699823141098,134.0,0.3300813138484955,205.0,0.3333333432674408,350.0,0.33271142840385437,178.6666717529297,0.3301410377025604,1914.3333740234375,0.3301144540309906,621.3333129882812,0.32997480034828186,264.6666564941406,0.33088234066963196,408.0,0.3276614248752594,254.6666717529297,0.3290155529975891,257.3333435058594,0.3304455578327179,269.3333435058594,0.3116256594657898,230.3333282470703,0.32364341616630554,172.0,0.32806891202926636,464.3333435058594,0.327741414308548,1987.0,0.3262736201286316,582.3333129882812,0.31689566373825073,0.7582798600196838,0.5148017406463623,0.9867401719093323,0.9348769783973694,14,17729,,
,0.9981949329376221,3878.0,0.9970937371253967,4129.0,0.9955518245697021,3597.0,0.9991004467010498,12228.0,0.9980297088623047,6598.0,0.9938962459564209,2949.0,0.9980545043945312,3084.0,0.9986013770103455,1430.0,0.9981020092964172,12118.0,0.994434654712677,3414.0,0.0,0.0,0.0,0.0,0.0,0.0,0.0,0.0,0.0,0.0,0.0,0.0,0.0,0.0,0.0,0.0,0.0,0.0,0.0,0.0,0.0,0.0,0.0,0.0,0.0,0.0,0.0,0.0,0.0,0.0,0.0,0.0,0.0,0.0,0.0,0.0,0.0,0.0,0.0,0.0,0.9989534020423889,9555.0,0.9980873465538025,3137.0,0.9978651404380798,7963.0,1.0,3615.0,0.9935174584388733,3548.0,0.9979904890060425,5474.0,0.9992716908454895,9611.0,0.9995836019515991,4803.0,0.997462809085846,51632.0,0.998070478439331,17621.0,0.998788058757782,6601.0,0.9996117353439331,10302.0,0.9985921382904053,7103.0,0.9987442493438721,7167.0,0.9981818199157715,7150.0,0.9979249835014343,6265.0,0.9988631010055542,4398.0,0.9978963136672974,13310.0,0.9969537258148193,55149.0,0.996303141117096,14607.0,,,,,,14,17729,0.9977515935897827,0.9935174584388733
0.6296823024749756,0.33105024695396423,146.0,0.32905980944633484,156.0,0.32219746708869934,149.6666717529297,0.33167731761932373,469.6666564941406,0.3309386968612671,232.0,0.3290461003780365,103.66666412353516,0.3304179012775421,114.33333587646484,0.32931727170944214,55.33333206176758,0.3313388228416443,445.6666564941406,0.31641286611557007,131.3333282470703,0.23580366373062134,692.6666870117188,0.26450690627098083,1790.3333740234375,0.28817203640937805,568.3333129882812,0.2979302704334259,3468.0,0.29729729890823364,296.0,0.3000674247741699,988.6666870117188,0.3075839877128601,1657.0,0.21737496554851532,886.3333129882812,0.2912418246269226,425.0,0.24004638195037842,862.3333129882812,0.30446192622184753,1270.0,0.28379353880882263,1231.3333740234375,0.20328247547149658,2403.333251953125,0.15361826121807098,1762.6666259765625,0.2929554283618927,2575.666748046875,0.23257960379123688,1444.6666259765625,0.2719091475009918,1271.6666259765625,0.2985074818134308,1518.6666259765625,0.17847208678722382,10626.0,0.15756291151046753,4247.33349609375,0.33114856481552124,356.0,0.33130699396133423,109.66666412353516,0.3291090726852417,289.3333435058594,0.3333333432674408,134.6666717529297,0.326699823141098,134.0,0.3300813138484955,205.0,0.33301588892936707,350.0,0.33271142840385437,178.6666717529297,0.3291543424129486,1914.3333740234375,0.3286838233470917,621.3333129882812,0.3308144509792328,264.6666564941406,0.33224400877952576,408.0,0.32809773087501526,254.6666717529297,0.32772019505500793,257.3333435058594,0.33127063512802124,269.3333435058594,0.32465025782585144,230.3333282470703,0.3281653821468353,172.0,0.3311797082424164,464.3333435058594,0.3286920487880707,1987.0,0.32589200139045715,582.3333129882812,0.46085476875305176,0.8384425640106201,0.6521248817443848,0.9879618883132935,0.9492385983467102,15,18911,,
,0.9989685416221619,3878.0,0.9983046650886536,4129.0,0.9952738285064697,3597.0,0.9991004467010498,12228.0,0.9984843730926514,6598.0,0.9949135184288025,2949.0,0.9980545043945312,3084.0,0.9986013770103455,1430.0,0.9985145926475525,12118.0,0.9941417574882507,3414.0,0.0,0.0,0.0,0.0,0.0,0.0,0.0,0.0,0.0,0.0,0.0,0.0,0.0,0.0,0.0,0.0,0.0,0.0,0.0,0.0,0.0,0.0,0.0,0.0,0.0,0.0,0.0,0.0,0.0,0.0,0.0,0.0,0.0,0.0,0.0,0.0,0.0,0.0,0.0,0.0,0.9991627335548401,9555.0,0.9990436434745789,3137.0,0.9979907274246216,7963.0,0.9994467496871948,3615.0,0.9983088970184326,3548.0,0.998173177242279,5474.0,0.9996878504753113,9611.0,0.9989590048789978,4803.0,0.9973853230476379,51632.0,0.9981839656829834,17621.0,0.998939573764801,6601.0,0.9992234706878662,10302.0,0.9987329244613647,7103.0,0.9990233182907104,7167.0,0.9981818199157715,7150.0,0.9972864985466003,6265.0,0.9993178844451904,4398.0,0.9988730549812317,13310.0,0.9964097142219543,55149.0,0.996440052986145,14607.0,,,,,,15,18911,0.997821033000946,0.9941417574882507
0.6335034370422363,0.3318112790584564,146.0,0.3326210677623749,156.0,0.320712685585022,149.6666717529297,0.33002129197120667,469.6666564941406,0.3285440504550934,232.0,0.32690247893333435,103.66666412353516,0.32944604754447937,114.33333587646484,0.32329317927360535,55.33333206176758,0.32809773087501526,445.6666564941406,0.31979694962501526,131.3333282470703,0.23772858083248138,692.6666870117188,0.18686775863170624,1790.3333740234375,0.29032257199287415,568.3333129882812,0.22725234925746918,3468.0,0.3078078031539917,296.0,0.30815914273262024,988.6666870117188,0.3019513189792633,1657.0,0.22527265548706055,886.3333129882812,0.28967320919036865,425.0,0.2738049328327179,862.3333129882812,0.3167104125022888,1270.0,0.2939000129699707,1231.3333740234375,0.18492834270000458,2403.333251953125,0.15342915058135986,1762.6666259765625,0.2999007999897003,2575.666748046875,0.24803876876831055,1444.6666259765625,0.2752293646335602,1271.6666259765625,0.3112379312515259,1518.6666259765625,0.1764853596687317,10626.0,0.15989117324352264,4247.33349609375,0.3317727744579315,356.0,0.3323201537132263,109.66666412353516,0.329877108335495,289.3333435058594,0.3316831588745117,134.6666717529297,0.32421228289604187,134.0,0.3279132843017578,205.0,0.33269840478897095,350.0,0.3314676582813263,178.6666717529297,0.32921236753463745,1914.3333740234375,0.3306509256362915,621.3333129882812,0.32745590806007385,264.6666564941406,0.3297930359840393,408.0,0.3241710364818573,254.6666717529297,0.327288419008255,257.3333435058594,0.32962045073509216,269.3333435058594,0.30487218499183655,230.3333282470703,0.32751938700675964,172.0,0.32950466871261597,464.3333435058594,0.32729408144950867,1987.0,0.327990859746933,582.3333129882812,0.4602874517440796,0.7496562004089355,0.5606032609939575,0.9846245646476746,0.9146165251731873,16,20093,,
,0.9989685416221619,3878.0,0.9983046650886536,4129.0,0.9974979162216187,3597.0,0.9992640018463135,12228.0,0.9993937611579895,6598.0,0.9966090321540833,2949.0,0.9980545043945312,3084.0,0.9993007183074951,1430.0,0.9983495473861694,12118.0,0.994434654712677,3414.0,0.0,0.0,0.0,0.0,0.0,0.0,0.0,0.0,0.0,0.0,0.0,0.0,0.0,0.0,0.0,0.0,0.0,0.0,0.0,0.0,0.0,0.0,0.0,0.0,0.0,0.0,0.0,0.0,0.0,0.0,0.0,0.0,0.0,0.0,0.0,0.0,0.0,0.0,0.0,0.0,0.9989534020423889,9555.0,0.9990436434745789,3137.0,0.9981163144111633,7963.0,0.9994467496871948,3615.0,0.9977452158927917,3548.0,0.9989039301872253,5474.0,0.9993757009506226,9611.0,0.9995836019515991,4803.0,0.9978308081626892,51632.0,0.9982975125312805,17621.0,0.9992425441741943,6601.0,0.9991263747215271,10302.0,0.9992960691452026,7103.0,0.9986047148704529,7167.0,0.9990209937095642,7150.0,0.9984038472175598,6265.0,0.9984083771705627,4398.0,0.9984973669052124,13310.0,0.9973344802856445,55149.0,0.9975354075431824,14607.0,,,,,,16,20093,0.9982178211212158,0.994434654712677
0.5271592140197754,0.3272450566291809,146.0,0.32692307233810425,156.0,0.3236822485923767,149.6666717529297,0.33096757531166077,469.6666564941406,0.3304597735404968,232.0,0.32261523604393005,103.66666412353516,0.3284742534160614,114.33333587646484,0.3192771077156067,55.33333206176758,0.33034154772758484,445.6666564941406,0.31641286611557007,131.3333282470703,0.21206288039684296,692.6666870117188,0.15825730562210083,1790.3333740234375,0.2930596172809601,568.3333129882812,0.3158080279827118,3468.0,0.3081831634044647,296.0,0.30872106552124023,988.6666870117188,0.3075169324874878,1657.0,0.22564874589443207,886.3333129882812,0.2925490140914917,425.0,0.26929518580436707,862.3333129882812,0.2848643958568573,1270.0,0.24950368702411652,1231.3333740234375,0.18908922374248505,2403.333251953125,0.15487897396087646,1762.6666259765625,0.3031793236732483,2575.666748046875,0.2252730280160904,1444.6666259765625,0.2763652205467224,1271.6666259765625,0.27480247616767883,1518.6666259765625,0.10031997412443161,10626.0,0.15170302987098694,4247.33349609375,0.33208489418029785,356.0,0.33130699396133423,109.66666412353516,0.32872503995895386,289.3333435058594,0.3316831588745117,134.6666717529297,0.32006633281707764,134.0,0.3306232988834381,205.0,0.33269840478897095,350.0,0.33271142840385437,178.6666717529297,0.3301410377025604,1914.3333740234375,0.3301144540309906,621.3333129882812,0.3266162872314453,264.6666564941406,0.3297930359840393,408.0,0.32111692428588867,254.6666717529297,0.32210707664489746,257.3333435058594,0.32714521884918213,269.3333435058594,0.2913651764392853,230.3333282470703,0.31589147448539734,172.0,0.32591530680656433,464.3333435058594,0.3225409686565399,1987.0,0.32856324315071106,582.3333129882812,0.30095991492271423,0.8134024739265442,0.4747719168663025,0.97979736328125,0.8740954995155334,17,21275,,
,0.9971634745597839,3878.0,0.999273419380188,4129.0,0.9955518245697021,3597.0,0.999018669128418,12228.0,0.9992421865463257,6598.0,0.9966090321540833,2949.0,0.9974059462547302,3084.0,0.9958041906356812,1430.0,0.9980194568634033,12118.0,0.9953134059906006,3414.0,0.0,0.0,0.0,0.0,0.0,0.0,0.0,0.0,0.0,0.0,0.0,0.0,0.0,0.0,0.0,0.0,0.0,0.0,0.0,0.0,0.0,0.0,0.0,0.0,0.0,0.0,0.0,0.0,0.0,0.0,0.0,0.0,0.0,0.0,0.0,0.0,0.0,0.0,0.0,0.0,0.9992673993110657,9555.0,0.9987248778343201,3137.0,0.9979907274246216,7963.0,0.9997233748435974,3615.0,0.9977452158927917,3548.0,0.9974424839019775,5474.0,0.9991676211357117,9611.0,0.9989590048789978,4803.0,0.9977726936340332,51632.0,0.9980137348175049,17621.0,0.9990910291671753,6601.0,0.9992234706878662,10302.0,0.9984513521194458,7103.0,0.9988837838172913,7167.0,0.9984615445137024,7150.0,0.9977653622627258,6265.0,0.9986357688903809,4398.0,0.9981968402862549,13310.0,0.996808648109436,55149.0,0.9974669814109802,14607.0,,,,,,17,21275,0.9979334473609924,0.9953134059906006
0.5740235447883606,0.31506848335266113,146.0,0.32977208495140076,156.0,0.31700074672698975,149.6666717529297,0.3274189829826355,469.6666564941406,0.3309386968612671,232.0,0.32690247893333435,103.66666412353516,0.3168124258518219,114.33333587646484,0.3253012001514435,55.33333206176758,0.3298429250717163,445.6666564941406,0.3062605559825897,131.3333282470703,0.20564645528793335,692.6666870117188,0.13579097390174866,1790.3333740234375,0.28699901700019836,568.3333129882812,0.31378957629203796,3468.0,0.30893394351005554,296.0,0.3145650625228882,988.6666870117188,0.29698920249938965,1657.0,0.2275291532278061,886.3333129882812,0.2925490140914917,425.0,0.2758665084838867,862.3333129882812,0.30944880843162537,1270.0,0.28343260288238525,1231.3333740234375,0.1768377274274826,2403.333251953125,0.15368129312992096,1762.6666259765625,0.298736035823822,2575.666748046875,0.2321181297302246,1444.6666259765625,0.2712101340293884,1271.6666259765625,0.29331284761428833,1518.6666259765625,0.13591401278972626,10626.0,0.1524616777896881,4247.33349609375,0.33052435517311096,356.0,0.3323201537132263,109.66666412353516,0.32949307560920715,289.3333435058594,0.33003300428390503,134.6666717529297,0.3159203827381134,134.0,0.32899728417396545,205.0,0.33269840478897095,350.0,0.3302238881587982,178.6666717529297,0.3301410377025604,1914.3333740234375,0.32922032475471497,621.3333129882812,0.3308144509792328,264.6666564941406,0.33224400877952576,408.0,0.33027923107147217,254.6666717529297,0.3290155529975891,257.3333435058594,0.3292079269886017,269.3333435058594,0.3260974586009979,230.3333282470703,0.32687339186668396,172.0,0.332136869430542,464.3333435058594,0.32874795794487,1987.0,0.32932648062705994,582.3333129882812,0.4077420234680176,0.7981320023536682,0.40737292170524597,0.9862335920333862,0.9187816977500916,18,22457,,
,0.9981949329376221,3878.0,0.9978203177452087,4129.0,0.9961078763008118,3597.0,0.9992640018463135,12228.0,0.9984843730926514,6598.0,0.9955917000770569,2949.0,0.9980545043945312,3084.0,0.9993007183074951,1430.0,0.9980194568634033,12118.0,0.9932630062103271,3414.0,0.0,0.0,0.0,0.0,0.0,0.0,0.0,0.0,0.0,0.0,0.0,0.0,0.0,0.0,0.0,0.0,0.0,0.0,0.0,0.0,0.0,0.0,0.0,0.0,0.0,0.0,0.0,0.0,0.0,0.0,0.0,0.0,0.0,0.0,0.0,0.0,0.0,0.0,0.0,0.0,0.9989534020423889,9555.0,0.9993624687194824,3137.0,0.9986186027526855,7963.0,0.9991701245307922,3615.0,0.9977452158927917,3548.0,0.997259795665741,5474.0,0.9991676211357117,9611.0,0.9995836019515991,4803.0,0.997579038143158,51632.0,0.9982407093048096,17621.0,0.9995455145835876,6601.0,0.999514639377594,10302.0,0.9992960691452026,7103.0,0.9986047148704529,7167.0,0.999580442905426,7150.0,0.9976057410240173,6265.0,1.0,4398.0,0.9991735816001892,13310.0,0.9974795579910278,55149.0,0.9981516003608704,14607.0,,,,,,18,22457,0.9981847405433655,0.9932630062103271
0.5433724522590637,0.33028918504714966,146.0,0.3304843306541443,156.0,0.3273942172527313,149.6666717529297,0.3304944336414337,469.6666564941406,0.3309386968612671,232.0,0.32690247893333435,103.66666412353516,0.32750242948532104,114.33333587646484,0.3313252925872803,55.33333206176758,0.33158811926841736,445.6666564941406,0.3087986409664154,131.3333282470703,0.22136670351028442,692.6666870117188,0.2104511857032776,1790.3333740234375,0.2938416302204132,568.3333129882812,0.2686466872692108,3468.0,0.30480480194091797,296.0,0.3115306794643402,988.6666870117188,0.30349358916282654,1657.0,0.22163720428943634,886.3333129882812,0.2943790853023529,425.0,0.2643989026546478,862.3333129882812,0.3243219554424286,1270.0,0.3123984932899475,1231.3333740234375,0.14507628977298737,2403.333251953125,0.15613968670368195,1762.6666259765625,0.30757948756217957,2575.666748046875,0.2471158355474472,1444.6666259765625,0.27854958176612854,1271.6666259765625,0.31723734736442566,1518.6666259765625,0.09999582171440125,10626.0,0.15701355040073395,4247.33349609375,0.3314606845378876,356.0,0.3323201537132263,109.66666412353516,0.33026114106178284,289.3333435058594,0.3316831588745117,134.6666717529297,0.32421228289604187,134.0,0.3284552991390228,205.0,0.33301588892936707,350.0,0.33208954334259033,178.6666717529297,0.33048930764198303,1914.3333740234375,0.32922032475471497,621.3333129882812,0.33165407180786133,264.6666564941406,0.33306100964546204,408.0,0.3320244252681732,254.6666717529297,0.33246979117393494,257.3333435058594,0.33292078971862793,269.3333435058594,0.3304389715194702,230.3333282470703,0.3294573724269867,172.0,0.3318975865840912,464.3333435058594,0.32757368683815,1987.0,0.3270368278026581,582.3333129882812,0.29998746514320374,0.7940350770950317,0.6313535571098328,0.9893027544021606,0.9263959527015686,19,23639,,
,0.9981949329376221,3878.0,0.9987890720367432,4129.0,0.993327796459198,3597.0,0.9992640018463135,12228.0,0.9990906119346619,6598.0,0.9966090321540833,2949.0,0.9987030029296875,3084.0,0.9979020953178406,1430.0,0.9982670545578003,12118.0,0.994727611541748,3414.0,0.0,0.0,0.0,0.0,0.0,0.0,0.0,0.0,0.0,0.0,0.0,0.0,0.0,0.0,0.0,0.0,0.0,0.0,0.0,0.0,0.0,0.0,0.0,0.0,0.0,0.0,0.0,0.0,0.0,0.0,0.0,0.0,0.0,0.0,0.0,0.0,0.0,0.0,0.0,0.0,0.9990580677986145,9555.0,0.9990436434745789,3137.0,0.9982418417930603,7963.0,0.9988934993743896,3615.0,0.9971815347671509,3548.0,0.9983558654785156,5474.0,0.9994797706604004,9611.0,0.9993754029273987,4803.0,0.9979276657104492,51632.0,0.9985244870185852,17621.0,0.998788058757782,6601.0,0.9998058676719666,10302.0,0.9992960691452026,7103.0,0.9993023872375488,7167.0,0.9988811016082764,7150.0,0.9972864985466003,6265.0,0.9986357688903809,4398.0,0.9988730549812317,13310.0,0.9976246356964111,55149.0,0.9977408051490784,14607.0,,,,,,19,23639,0.9982574582099915,0.993327796459198
0.5579866766929626,0.31811264157295227,146.0,0.3304843306541443,156.0,0.3177431523799896,149.6666717529297,0.32978472113609314,469.6666564941406,0.3304597735404968,232.0,0.321543425321579,103.66666412353516,0.3206997215747833,114.33333587646484,0.31526103615760803,55.33333206176758,0.32809773087501526,445.6666564941406,0.3087986409664154,131.3333282470703,0.19906961917877197,692.6666870117188,0.11891019344329834,1790.3333740234375,0.29423263669013977,568.3333129882812,0.3195245563983917,3468.0,0.30855855345726013,296.0,0.31759944558143616,988.6666870117188,0.2972574234008789,1657.0,0.21511846780776978,886.3333129882812,0.2888889014720917,425.0,0.2730318307876587,862.3333129882812,0.29133859276771545,1270.0,0.24571377038955688,1231.3333740234375,0.1795654147863388,2403.333251953125,0.1540595144033432,1762.6666259765625,0.2967948019504547,2575.666748046875,0.2281956672668457,1444.6666259765625,0.27234598994255066,1271.6666259765625,0.2720222473144531,1518.6666259765625,0.13227513432502747,10626.0,0.1503165364265442,4247.33349609375,0.3308364450931549,356.0,0.3323201537132263,109.66666412353516,0.329877108335495,289.3333435058594,0.3292079269886017,134.6666717529297,0.3067993223667145,134.0,0.32303524017333984,205.0,0.3311111032962799,350.0,0.3283582031726837,178.6666717529297,0.32921236753463745,1914.3333740234375,0.3286838233470917,621.3333129882812,0.3253568410873413,264.6666564941406,0.3265250623226166,408.0,0.3184991180896759,254.6666717529297,0.3195163905620575,257.3333435058594,0.32095709443092346,269.3333435058594,0.30004823207855225,230.3333282470703,0.3223514258861542,172.0,0.3230437934398651,464.3333435058594,0.32488957047462463,1987.0,0.32684603333473206,582.3333129882812,0.3968254029750824,0.7923446893692017,0.356730580329895,0.9764898419380188,0.9001446962356567,20,24821,,
,0.9984527826309204,3878.0,0.9987890720367432,4129.0,0.9963858723640442,3597.0,0.9991004467010498,12228.0,0.998787522315979,6598.0,0.9935571551322937,2949.0,0.9990272521972656,3084.0,0.996503472328186,1430.0,0.9990922808647156,12118.0,0.9929701089859009,3414.0,0.0,0.0,0.0,0.0,0.0,0.0,0.0,0.0,0.0,0.0,0.0,0.0,0.0,0.0,0.0,0.0,0.0,0.0,0.0,0.0,0.0,0.0,0.0,0.0,0.0,0.0,0.0,0.0,0.0,0.0,0.0,0.0,0.0,0.0,0.0,0.0,0.0,0.0,0.0,0.0,0.9990580677986145,9555.0,0.9996812343597412,3137.0,0.9981163144111633,7963.0,0.9991701245307922,3615.0,0.9971815347671509,3548.0,0.9990866184234619,5474.0,0.9993757009506226,9611.0,0.9993754029273987,4803.0,0.9982181787490845,51632.0,0.998070478439331,17621.0,0.998939573764801,6601.0,0.9996117353439331,10302.0,0.9985921382904053,7103.0,0.9988837838172913,7167.0,0.9993007183074951,7150.0,0.9985634684562683,6265.0,0.9990904927253723,4398.0,0.9988730549812317,13310.0,0.9978059530258179,55149.0,0.9984938502311707,14607.0,,,,,,20,24821,0.9983864426612854,0.9929701089859009
0.5682389736175537,0.3333333432674408,146.0,0.32905980944633484,156.0,0.31625834107398987,149.6666717529297,0.3286018371582031,469.6666564941406,0.31896552443504333,232.0,0.3279742896556854,103.66666412353516,0.32944604754447937,114.33333587646484,0.3313252925872803,55.33333206176758,0.33009225130081177,445.6666564941406,0.32402709126472473,131.3333282470703,0.24013473093509674,692.6666870117188,0.14596909284591675,1790.3333740234375,0.29462364315986633,568.3333129882812,0.31814685463905334,3468.0,0.31644144654273987,296.0,0.3153517544269562,988.6666870117188,0.304231196641922,1657.0,0.22627554833889008,886.3333129882812,0.2917647063732147,425.0,0.27883005142211914,862.3333129882812,0.3041119873523712,1270.0,0.2777476906776428,1231.3333740234375,0.14942209422588348,2403.333251953125,0.15330307185649872,1762.6666259765625,0.2964065372943878,2575.666748046875,0.2321181297302246,1444.6666259765625,0.26928791403770447,1271.6666259765625,0.29214224219322205,1518.6666259765625,0.14111089706420898,10626.0,0.14790980517864227,4247.33349609375,0.3314606845378876,356.0,0.3333333432674408,109.66666412353516,0.3317972421646118,289.3333435058594,0.3316831588745117,134.6666717529297,0.323383092880249,134.0,0.3327913284301758,205.0,0.3333333432674408,350.0,0.3314676582813263,178.6666717529297,0.3304312527179718,1914.3333740234375,0.32922032475471497,621.3333129882812,0.33123424649238586,264.6666564941406,0.3325163424015045,408.0,0.3324607312679291,254.6666717529297,0.33290156722068787,257.3333435058594,0.3304455578327179,269.3333435058594,0.3285094201564789,230.3333282470703,0.32751938700675964,172.0,0.32950466871261597,464.3333435058594,0.32449811697006226,1987.0,0.3260827958583832,582.3333129882812,0.42333269119262695,0.8181583881378174,0.43790727853775024,0.9862037897109985,0.948775053024292,21,26003,,
,0.9979370832443237,3878.0,0.9980624914169312,4129.0,0.9966638684272766,3597.0,0.9988551139831543,12228.0,0.9992421865463257,6598.0,0.9966090321540833,2949.0,0.9993515014648438,3084.0,0.9986013770103455,1430.0,0.9987621903419495,12118.0,0.9932630062103271,3414.0,0.0,0.0,0.0,0.0,0.0,0.0,0.0,0.0,0.0,0.0,0.0,0.0,0.0,0.0,0.0,0.0,0.0,0.0,0.0,0.0,0.0,0.0,0.0,0.0,0.0,0.0,0.0,0.0,0.0,0.0,0.0,0.0,0.0,0.0,0.0,0.0,0.0,0.0,0.0,0.0,0.9989534020423889,9555.0,0.9987248778343201,3137.0,0.998367428779602,7963.0,0.9994467496871948,3615.0,0.9977452158927917,3548.0,0.998173177242279,5474.0,0.9989595413208008,9611.0,0.9989590048789978,4803.0,0.9983730912208557,51632.0,0.9986947178840637,17621.0,0.9995455145835876,6601.0,0.9991263747215271,10302.0,0.9983105659484863,7103.0,0.9993023872375488,7167.0,0.9990209937095642,7150.0,0.9979249835014343,6265.0,0.9990904927253723,4398.0,0.9985725283622742,13310.0,0.9977334141731262,55149.0,0.9978092908859253,14607.0,,,,,,21,26003,0.9983566999435425,0.9932630062103271
0.5334023237228394,0.32952815294265747,146.0,0.3304843306541443,156.0,0.3281365931034088,149.6666717529297,0.33191388845443726,469.6666564941406,0.3318965435028076,232.0,0.32368704676628113,103.66666412353516,0.32944604754447937,114.33333587646484,0.32931727170944214,55.33333206176758,0.33009225130081177,445.6666564941406,0.32233503460884094,131.3333282470703,0.22874557971954346,692.6666870117188,0.16626326739788055,1790.3333740234375,0.30048874020576477,568.3333129882812,0.29286813735961914,3468.0,0.30255255103111267,296.0,0.3146774470806122,988.6666870117188,0.3018172085285187,1657.0,0.2169988751411438,886.3333129882812,0.294901967048645,425.0,0.262337327003479,862.3333129882812,0.3211723566055298,1270.0,0.30481863021850586,1231.3333740234375,0.15996301174163818,2403.333251953125,0.1550050526857376,1762.6666259765625,0.3066304326057434,2575.666748046875,0.2431933432817459,1444.6666259765625,0.2767147123813629,1271.6666259765625,0.3129938542842865,1518.6666259765625,0.09101366251707077,10626.0,0.15646418929100037,4247.33349609375,0.3317727744579315,356.0,0.3333333432674408,109.66666412353516,0.3306451737880707,289.3333435058594,0.33250823616981506,134.6666717529297,0.3192371428012848,134.0,0.32953929901123047,205.0,0.3333333432674408,350.0,0.33271142840385437,178.6666717529297,0.3308955729007721,1914.3333740234375,0.3306509256362915,621.3333129882812,0.3320738971233368,264.6666564941406,0.3327886760234833,408.0,0.33158811926841736,254.6666717529297,0.332038015127182,257.3333435058594,0.3292079269886017,269.3333435058594,0.3241678774356842,230.3333282470703,0.33139535784721375,172.0,0.33022254705429077,464.3333435058594,0.32768550515174866,1987.0,0.3270368278026581,582.3333129882812,0.2730409801006317,0.7960405945777893,0.49878978729248047,0.9895113110542297,0.9577114582061768,22,27185,,
,0.9984527826309204,3878.0,0.9980624914169312,4129.0,0.9983319640159607,3597.0,0.9993457794189453,12228.0,0.9989390969276428,6598.0,0.9945744276046753,2949.0,0.9987030029296875,3084.0,0.9993007183074951,1430.0,0.9987621903419495,12118.0,0.9941417574882507,3414.0,0.0,0.0,0.0,0.0,0.0,0.0,0.0,0.0,0.0,0.0,0.0,0.0,0.0,0.0,0.0,0.0,0.0,0.0,0.0,0.0,0.0,0.0,0.0,0.0,0.0,0.0,0.0,0.0,0.0,0.0,0.0,0.0,0.0,0.0,0.0,0.0,0.0,0.0,0.0,0.0,0.9993720650672913,9555.0,0.9993624687194824,3137.0,0.9992465376853943,7963.0,0.9994467496871948,3615.0,0.9974633455276489,3548.0,0.9992692470550537,5474.0,0.9997919201850891,9611.0,0.9989590048789978,4803.0,0.9984893202781677,51632.0,0.9985812306404114,17621.0,0.999848484992981,6601.0,0.9999029040336609,10302.0,0.9990144968032837,7103.0,0.9983256459236145,7167.0,0.9990209937095642,7150.0,0.9980846047401428,6265.0,0.9988631010055542,4398.0,0.9991735816001892,13310.0,0.9976246356964111,55149.0,0.9980831146240234,14607.0,,,,,,22,27185,0.9985285997390747,0.9941417574882507
0.5648881793022156,0.32572299242019653,146.0,0.3311965763568878,156.0,0.314031183719635,149.6666717529297,0.33002129197120667,469.6666564941406,0.3304597735404968,232.0,0.3258306682109833,103.66666412353516,0.323615163564682,114.33333587646484,0.32329317927360535,55.33333206176758,0.3313388228416443,445.6666564941406,0.3079526126384735,131.3333282470703,0.21527110040187836,692.6666870117188,0.18028920888900757,1790.3333740234375,0.2920821011066437,568.3333129882812,0.3096565306186676,3468.0,0.29992493987083435,296.0,0.30546191334724426,988.6666870117188,0.3070475459098816,1657.0,0.21022941172122955,886.3333129882812,0.29019609093666077,425.0,0.2625950276851654,862.3333129882812,0.31067368388175964,1270.0,0.27486011385917664,1231.3333740234375,0.18132223188877106,2403.333251953125,0.1579046994447708,1762.6666259765625,0.3082697093486786,2575.666748046875,0.23527149856090546,1444.6666259765625,0.2777632176876068,1271.6666259765625,0.2944103181362152,1518.6666259765625,0.12132713943719864,10626.0,0.15724898874759674,4247.33349609375,0.33208489418029785,356.0,0.3323201537132263,109.66666412353516,0.33102917671203613,289.3333435058594,0.3316831588745117,134.6666717529297,0.32421228289604187,134.0,0.32899728417396545,205.0,0.33301588892936707,350.0,0.33084577322006226,178.6666717529297,0.3306053578853607,1914.3333740234375,0.33154505491256714,621.3333129882812,0.3303946256637573,264.6666564941406,0.331971675157547,408.0,0.330715537071228,254.6666717529297,0.3303108811378479,257.3333435058594,0.3304455578327179,269.3333435058594,0.3222382962703705,230.3333282470703,0.33074936270713806,172.0,0.32998326420783997,464.3333435058594,0.3269026577472687,1987.0,0.3247471749782562,582.3333129882812,0.3639814257621765,0.8115688562393188,0.5408676266670227,0.9867103695869446,0.9238578677177429,23,28367,,
,0.9987106919288635,3878.0,0.9990312457084656,4129.0,0.9966638684272766,3597.0,0.9992640018463135,12228.0,0.998787522315979,6598.0,0.9972872138023376,2949.0,0.9990272521972656,3084.0,0.9986013770103455,1430.0,0.9991747736930847,12118.0,0.9964850544929504,3414.0,0.0,0.0,0.0,0.0,0.0,0.0,0.0,0.0,0.0,0.0,0.0,0.0,0.0,0.0,0.0,0.0,0.0,0.0,0.0,0.0,0.0,0.0,0.0,0.0,0.0,0.0,0.0,0.0,0.0,0.0,0.0,0.0,0.0,0.0,0.0,0.0,0.0,0.0,0.0,0.0,0.9992673993110657,9555.0,0.9993624687194824,3137.0,0.9979907274246216,7963.0,0.9988934993743896,3615.0,0.9980270862579346,3548.0,0.9990866184234619,5474.0,0.9992716908454895,9611.0,0.9995836019515991,4803.0,0.9983149766921997,51632.0,0.998865008354187,17621.0,0.9990910291671753,6601.0,0.9997087717056274,10302.0,0.9988737106323242,7103.0,0.9987442493438721,7167.0,0.9993007183074951,7150.0,0.9982442259788513,6265.0,0.9984083771705627,4398.0,0.9986476302146912,13310.0,0.9976427555084229,55149.0,0.9978777170181274,14607.0,,,,,,23,28367,0.9984856247901917,0.9964850544929504
0.5006113648414612,0.32952815294265747,146.0,0.32977208495140076,156.0,0.31700074672698975,149.6666717529297,0.3314407467842102,469.6666564941406,0.33141762018203735,232.0,0.3258306682109833,103.66666412353516,0.3284742534160614,114.33333587646484,0.32931727170944214,55.33333206176758,0.33034154772758484,445.6666564941406,0.31641286611557007,131.3333282470703,0.20083414018154144,692.6666870117188,0.12381307035684586,1790.3333740234375,0.2887585461139679,568.3333129882812,0.30379340052604675,3468.0,0.3003003001213074,296.0,0.3123173713684082,988.6666870117188,0.3032253682613373,1657.0,0.21373949944972992,886.3333129882812,0.28418299555778503,425.0,0.2716144919395447,862.3333129882812,0.3068241477012634,1270.0,0.2853275537490845,1231.3333740234375,0.14785020053386688,2403.333251953125,0.14907968044281006,1762.6666259765625,0.2940339148044586,2575.666748046875,0.23027227818965912,1444.6666259765625,0.2680646479129791,1271.6666259765625,0.29419079422950745,1518.6666259765625,0.08240792900323868,10626.0,0.14563386142253876,4247.33349609375,0.3323970139026642,356.0,0.3323201537132263,109.66666412353516,0.331413209438324,289.3333435058594,0.3333333432674408,134.6666717529297,0.32006633281707764,134.0,0.32899728417396545,205.0,0.33301588892936707,350.0,0.33208954334259033,178.6666717529297,0.3308955729007721,1914.3333740234375,0.33100858330726624,621.3333129882812,0.33165407180786133,264.6666564941406,0.3327886760234833,408.0,0.3320244252681732,254.6666717529297,0.3316062092781067,257.3333435058594,0.3304455578327179,269.3333435058594,0.3314037621021271,230.3333282470703,0.328811377286911,172.0,0.3318975865840912,464.3333435058594,0.32757368683815,1987.0,0.327990859746933,582.3333129882812,0.24722379446029663,0.7794808745384216,0.37143921852111816,0.9896007180213928,0.9492385983467102,24,29549,,
,1.0,3878.0,0.9990312457084656,4129.0,0.9969419240951538,3597.0,0.9991004467010498,12228.0,0.9993937611579895,6598.0,0.9959308505058289,2949.0,0.9990272521972656,3084.0,0.9986013770103455,1430.0,0.9990922808647156,12118.0,0.9967779517173767,3414.0,0.0,0.0,0.0,0.0,0.0,0.0,0.0,0.0,0.0,0.0,0.0,0.0,0.0,0.0,0.0,0.0,0.0,0.0,0.0,0.0,0.0,0.0,0.0,0.0,0.0,0.0,0.0,0.0,0.0,0.0,0.0,0.0,0.0,0.0,0.0,0.0,0.0,0.0,0.0,0.0,0.9994767308235168,9555.0,0.9993624687194824,3137.0,0.9989953637123108,7963.0,1.0,3615.0,0.9971815347671509,3548.0,0.9985385537147522,5474.0,0.9997919201850891,9611.0,0.9997918009757996,4803.0,0.9984893202781677,51632.0,0.9989784955978394,17621.0,0.9990910291671753,6601.0,0.9996117353439331,10302.0,0.9995776414871216,7103.0,0.9987442493438721,7167.0,0.9998601675033569,7150.0,0.9988827109336853,6265.0,0.9993178844451904,4398.0,0.9985725283622742,13310.0,0.9980416893959045,55149.0,0.9982200264930725,14607.0,,,,,,24,29549,0.9987204074859619,0.9959308505058289
0.5096409320831299,0.3333333432674408,146.0,0.33190882205963135,156.0,0.3244246542453766,149.6666717529297,0.3314407467842102,469.6666564941406,0.32998085021972656,232.0,0.3279742896556854,103.66666412353516,0.33236151933670044,114.33333587646484,0.3313252925872803,55.33333206176758,0.3290949761867523,445.6666564941406,0.32148900628089905,131.3333282470703,0.24542830884456635,692.6666870117188,0.12306833267211914,1790.3333740234375,0.29736068844795227,568.3333129882812,0.22795718908309937,3468.0,0.3029279410839081,296.0,0.31602606177330017,988.6666870117188,0.3034265339374542,1657.0,0.2178763896226883,886.3333129882812,0.2826143801212311,425.0,0.2763819098472595,862.3333129882812,0.31942257285118103,1270.0,0.3031943738460541,1231.3333740234375,0.14197872579097748,2403.333251953125,0.15519414842128754,1762.6666259765625,0.30995211005210876,2575.666748046875,0.24019382894039154,1444.6666259765625,0.27924856543540955,1271.6666259765625,0.30875036120414734,1518.6666259765625,0.0750047042965889,10626.0,0.15450216829776764,4247.33349609375,0.33208489418029785,356.0,0.33029380440711975,109.66666412353516,0.3317972421646118,289.3333435058594,0.3333333432674408,134.6666717529297,0.32587066292762756,134.0,0.33170732855796814,205.0,0.3333333432674408,350.0,0.33208954334259033,178.6666717529297,0.33002495765686035,1914.3333740234375,0.32975679636001587,621.3333129882812,0.33123424649238586,264.6666564941406,0.3327886760234833,408.0,0.3333333432674408,254.6666717529297,0.33290156722068787,257.3333435058594,0.3316831588745117,269.3333435058594,0.33092138171195984,230.3333282470703,0.3294573724269867,172.0,0.3314189910888672,464.3333435058594,0.31806743144989014,1987.0,0.3272276222705841,582.3333129882812,0.2250141203403473,0.7236133217811584,0.3692049980163574,0.9849523305892944,0.9542022943496704,25,30731,,
,0.9987106919288635,3878.0,0.9983046650886536,4129.0,0.9983319640159607,3597.0,0.9995911121368408,12228.0,0.9995453357696533,6598.0,0.9986436367034912,2949.0,0.9990272521972656,3084.0,1.0,1430.0,0.9990097284317017,12118.0,0.9970709085464478,3414.0,0.0,0.0,0.0,0.0,0.0,0.0,0.0,0.0,0.0,0.0,0.0,0.0,0.0,0.0,0.0,0.0,0.0,0.0,0.0,0.0,0.0,0.0,0.0,0.0,0.0,0.0,0.0,0.0,0.0,0.0,0.0,0.0,0.0,0.0,0.0,0.0,0.0,0.0,0.0,0.0,0.9993720650672913,9555.0,0.9987248778343201,3137.0,0.9991209506988525,7963.0,0.9983402490615845,3615.0,0.9974633455276489,3548.0,0.9985385537147522,5474.0,0.9995837807655334,9611.0,0.9993754029273987,4803.0,0.9983343482017517,51632.0,0.9986379742622375,17621.0,0.9990910291671753,6601.0,0.9997087717056274,10302.0,0.9991552829742432,7103.0,0.9988837838172913,7167.0,0.9988811016082764,7150.0,0.9985634684562683,6265.0,0.9990904927253723,4398.0,0.9989481568336487,13310.0,0.998077929019928,55149.0,0.9977408051490784,14607.0,,,,,,25,30731,0.9986476302146912,0.9970709085464478
0.5610788464546204,0.32572299242019653,146.0,0.32977208495140076,156.0,0.3244246542453766,149.6666717529297,0.3304944336414337,469.6666564941406,0.3309386968612671,232.0,0.3247588574886322,103.66666412353516,0.32944604754447937,114.33333587646484,0.3273092210292816,55.33333206176758,0.33009225130081177,445.6666564941406,0.3147208094596863,131.3333282470703,0.2263394147157669,692.6666870117188,0.22956620156764984,1790.3333740234375,0.2938416302204132,568.3333129882812,0.27694475650787354,3468.0,0.30480480194091797,296.0,0.3033265769481659,988.6666870117188,0.3062428832054138,1657.0,0.21887928247451782,886.3333129882812,0.28967320919036865,425.0,0.25280246138572693,862.3333129882812,0.31977251172065735,1270.0,0.2951633334159851,1231.3333740234375,0.18964402377605438,2403.333251953125,0.1586611121892929,1762.6666259765625,0.31430914998054504,2575.666748046875,0.24288570880889893,1444.6666259765625,0.2828309237957001,1271.6666259765625,0.3053116798400879,1518.6666259765625,0.10603969544172287,10626.0,0.16172239184379578,4247.33349609375,0.33208489418029785,356.0,0.3333333432674408,109.66666412353516,0.32949307560920715,289.3333435058594,0.3316831588745117,134.6666717529297,0.32587066292762756,134.0,0.3273712694644928,205.0,0.33301588892936707,350.0,0.33208954334259033,178.6666717529297,0.32938650250434875,1914.3333740234375,0.3302932679653168,621.3333129882812,0.33165407180786133,264.6666564941406,0.3325163424015045,408.0,0.32809773087501526,254.6666717529297,0.3285837471485138,257.3333435058594,0.32962045073509216,269.3333435058594,0.3207911252975464,230.3333282470703,0.33074936270713806,172.0,0.32926538586616516,464.3333435058594,0.32813286781311035,1987.0,0.327990859746933,582.3333129882812,0.318119078874588,0.8065264821052551,0.6566378474235535,0.9873360991477966,0.9441624283790588,26,31913,,
,0.9992263913154602,3878.0,0.9980624914169312,4129.0,0.9974979162216187,3597.0,0.9985279440879822,12228.0,0.9990906119346619,6598.0,0.9976263046264648,2949.0,0.9990272521972656,3084.0,0.9993007183074951,1430.0,0.9987621903419495,12118.0,0.9941417574882507,3414.0,0.0,0.0,0.0,0.0,0.0,0.0,0.0,0.0,0.0,0.0,0.0,0.0,0.0,0.0,0.0,0.0,0.0,0.0,0.0,0.0,0.0,0.0,0.0,0.0,0.0,0.0,0.0,0.0,0.0,0.0,0.0,0.0,0.0,0.0,0.0,0.0,0.0,0.0,0.0,0.0,0.9992673993110657,9555.0,0.9996812343597412,3137.0,0.9991209506988525,7963.0,0.9997233748435974,3615.0,0.9966177940368652,3548.0,0.9992692470550537,5474.0,0.9994797706604004,9611.0,0.9991672039031982,4803.0,0.9984118342399597,51632.0,0.9980137348175049,17621.0,0.9993940591812134,6601.0,0.9999029040336609,10302.0,0.9991552829742432,7103.0,0.9997209310531616,7167.0,0.9990209937095642,7150.0,0.9988827109336853,6265.0,0.9995452761650085,4398.0,0.9992486834526062,13310.0,0.9982230067253113,55149.0,0.9982200264930725,14607.0,,,,,,26,31913,0.9986410140991211,0.9941417574882507
0.5664283633232117,0.3333333432674408,146.0,0.33190882205963135,156.0,0.31180402636528015,149.6666717529297,0.3281286954879761,469.6666564941406,0.32998085021972656,232.0,0.32261523604393005,103.66666412353516,0.33236151933670044,114.33333587646484,0.3333333432674408,55.33333206176758,0.33108949661254883,445.6666564941406,0.3172588646411896,131.3333282470703,0.23083092272281647,692.6666870117188,0.2577421963214874,1790.3333740234375,0.2938416302204132,568.3333129882812,0.30424195528030396,3468.0,0.31156155467033386,296.0,0.3095077574253082,988.6666870117188,0.29940322041511536,1657.0,0.23166604340076447,886.3333129882812,0.3037908375263214,425.0,0.260919988155365,862.3333129882812,0.32178476452827454,1270.0,0.31086447834968567,1231.3333740234375,0.13809524476528168,2403.333251953125,0.15595057606697083,1762.6666259765625,0.3086148202419281,2575.666748046875,0.24188585579395294,1444.6666259765625,0.28029707074165344,1271.6666259765625,0.3166520297527313,1518.6666259765625,0.12457912415266037,10626.0,0.1528802365064621,4247.33349609375,0.3323970139026642,356.0,0.33029380440711975,109.66666412353516,0.32949307560920715,289.3333435058594,0.3333333432674408,134.6666717529297,0.3300165832042694,134.0,0.3300813138484955,205.0,0.3333333432674408,350.0,0.33208954334259033,178.6666717529297,0.3213767409324646,1914.3333740234375,0.3242131769657135,621.3333129882812,0.3295550048351288,264.6666564941406,0.33033767342567444,408.0,0.3333333432674408,254.6666717529297,0.33290156722068787,257.3333435058594,0.3316831588745117,269.3333435058594,0.32947418093681335,230.3333282470703,0.32751938700675964,172.0,0.32902607321739197,464.3333435058594,0.13633058965206146,1987.0,0.31520703434944153,582.3333129882812,0.3737373650074005,0.8501890897750854,0.6924927830696106,0.878963053226471,0.4089917838573456,27,33095,,
,0.9984527826309204,3878.0,0.9983046650886536,4129.0,0.9969419240951538,3597.0,0.999509334564209,12228.0,0.9990906119346619,6598.0,0.9972872138023376,2949.0,1.0,3084.0,0.9993007183074951,1430.0,0.9990097284317017,12118.0,0.9953134059906006,3414.0,0.0,0.0,0.0,0.0,0.0,0.0,0.0,0.0,0.0,0.0,0.0,0.0,0.0,0.0,0.0,0.0,0.0,0.0,0.0,0.0,0.0,0.0,0.0,0.0,0.0,0.0,0.0,0.0,0.0,0.0,0.0,0.0,0.0,0.0,0.0,0.0,0.0,0.0,0.0,0.0,0.9995813965797424,9555.0,1.0,3137.0,0.998869776725769,7963.0,0.9994467496871948,3615.0,0.9968996644020081,3548.0,0.9989039301872253,5474.0,0.9992716908454895,9611.0,0.9991672039031982,4803.0,0.998624861240387,51632.0,0.9984109997749329,17621.0,0.998939573764801,6601.0,0.9999029040336609,10302.0,0.9992960691452026,7103.0,0.9994418621063232,7167.0,0.9997202754020691,7150.0,0.9987230896949768,6265.0,0.9997726082801819,4398.0,0.999323844909668,13310.0,0.9984768629074097,55149.0,0.9993153810501099,14607.0,,,,,,27,33095,0.9988559484481812,0.9953134059906006
0.7121357917785645,0.3318112790584564,146.0,0.3276353180408478,156.0,0.32145509123802185,149.6666717529297,0.3274189829826355,469.6666564941406,0.3304597735404968,232.0,0.321543425321579,103.66666412353516,0.3304179012775421,114.33333587646484,0.3333333432674408,55.33333206176758,0.3313388228416443,445.6666564941406,0.3172588646411896,131.3333282470703,0.22537696361541748,692.6666870117188,0.2489914894104004,1790.3333740234375,0.2950146496295929,568.3333129882812,0.3169293701648712,3468.0,0.30668166279792786,296.0,0.30905821919441223,988.6666870117188,0.2992020547389984,1657.0,0.24207095801830292,886.3333129882812,0.3032679855823517,425.0,0.25834301114082336,862.3333129882812,0.3258092701435089,1270.0,0.3197978734970093,1231.3333740234375,0.16250577569007874,2403.333251953125,0.16868381202220917,1762.6666259765625,0.3109874427318573,2575.666748046875,0.2765728533267975,1444.6666259765625,0.2819571793079376,1271.6666259765625,0.32045653462409973,1518.6666259765625,0.2254846692085266,10626.0,0.18665306270122528,4247.33349609375,0.33270910382270813,356.0,0.32928064465522766,109.66666412353516,0.32795700430870056,289.3333435058594,0.3316831588745117,134.6666717529297,0.33084577322006226,134.0,0.3300813138484955,205.0,0.33269840478897095,350.0,0.33271142840385437,178.6666717529297,0.3249753415584564,1914.3333740234375,0.29560086131095886,621.3333129882812,0.32745590806007385,264.6666564941406,0.33033767342567444,408.0,0.3333333432674408,254.6666717529297,0.33290156722068787,257.3333435058594,0.33127063512802124,269.3333435058594,0.32368549704551697,230.3333282470703,0.32687339186668396,172.0,0.2775783836841583,464.3333435058594,0.09260191768407822,1987.0,0.3211219310760498,582.3333129882812,0.4875173270702362,0.8578673005104065,0.6761308908462524,0.8465434908866882,0.27780574560165405,28,34277,,
,0.9981949329376221,3878.0,0.9987890720367432,4129.0,0.9977759122848511,3597.0,0.9994275569915771,12228.0,0.9989390969276428,6598.0,0.9969481229782104,2949.0,0.9993515014648438,3084.0,0.9986013770103455,1430.0,0.9992573261260986,12118.0,0.997363805770874,3414.0,0.0,0.0,0.0,0.0,0.0,0.0,0.0,0.0,0.0,0.0,0.0,0.0,0.0,0.0,0.0,0.0,0.0,0.0,0.0,0.0,0.0,0.0,0.0,0.0,0.0,0.0,0.0,0.0,0.0,0.0,0.0,0.0,0.0,0.0,0.0,0.0,0.0,0.0,0.0,0.0,0.9997906684875488,9555.0,0.9996812343597412,3137.0,0.9989953637123108,7963.0,1.0,3615.0,0.9980270862579346,3548.0,0.9992692470550537,5474.0,0.9998959302902222,9611.0,1.0,4803.0,0.9990316033363342,51632.0,0.999205470085144,17621.0,0.9993940591812134,6601.0,0.9998058676719666,10302.0,0.9992960691452026,7103.0,0.9991628527641296,7167.0,0.9993007183074951,7150.0,0.9987230896949768,6265.0,0.9986357688903809,4398.0,0.9989481568336487,13310.0,0.9982773661613464,55149.0,0.9984254240989685,14607.0,,,,,,28,34277,0.9989418983459473,0.9969481229782104
0.5555294156074524,0.33028918504714966,146.0,0.3311965763568878,156.0,0.3251670300960541,149.6666717529297,0.3302578628063202,469.6666564941406,0.33141762018203735,232.0,0.32690247893333435,103.66666412353516,0.3255588114261627,114.33333587646484,0.3333333432674408,55.33333206176758,0.3318374454975128,445.6666564941406,0.31895092129707336,131.3333282470703,0.23885147273540497,692.6666870117188,0.22776639461517334,1790.3333740234375,0.2899315655231476,568.3333129882812,0.30107009410858154,3468.0,0.30480480194091797,296.0,0.30669814348220825,988.6666870117188,0.3046335279941559,1657.0,0.23078851401805878,886.3333129882812,0.3019607961177826,425.0,0.263625830411911,862.3333129882812,0.32125982642173767,1270.0,0.29750946164131165,1231.3333740234375,0.1721682995557785,2403.333251953125,0.1557614654302597,1762.6666259765625,0.31003838777542114,2575.666748046875,0.2408090978860855,1444.6666259765625,0.27994757890701294,1271.6666259765625,0.31131109595298767,1518.6666259765625,0.1079009547829628,10626.0,0.15669962763786316,4247.33349609375,0.33208489418029785,356.0,0.3333333432674408,109.66666412353516,0.32949307560920715,289.3333435058594,0.3308580815792084,134.6666717529297,0.32504144310951233,134.0,0.3300813138484955,205.0,0.3333333432674408,350.0,0.33208954334259033,178.6666717529297,0.33019909262657166,1914.3333740234375,0.33082976937294006,621.3333129882812,0.33123424649238586,264.6666564941406,0.331971675157547,408.0,0.33027923107147217,254.6666717529297,0.3290155529975891,257.3333435058594,0.3308580815792084,269.3333435058594,0.31837916374206543,230.3333282470703,0.3281653821468353,172.0,0.33070114254951477,464.3333435058594,0.32835653424263,1987.0,0.3287540376186371,582.3333129882812,0.323702871799469,0.8355776071548462,0.68329918384552,0.9889451861381531,0.9551374912261963,29,35459,,
,0.9989685416221619,3878.0,0.9978203177452087,4129.0,0.9969419240951538,3597.0,0.9992640018463135,12228.0,0.9995453357696533,6598.0,0.9952526092529297,2949.0,0.9993515014648438,3084.0,0.9979020953178406,1430.0,0.9982670545578003,12118.0,0.9956063032150269,3414.0,0.0,0.0,0.0,0.0,0.0,0.0,0.0,0.0,0.0,0.0,0.0,0.0,0.0,0.0,0.0,0.0,0.0,0.0,0.0,0.0,0.0,0.0,0.0,0.0,0.0,0.0,0.0,0.0,0.0,0.0,0.0,0.0,0.0,0.0,0.0,0.0,0.0,0.0,0.0,0.0,0.9990580677986145,9555.0,0.9987248778343201,3137.0,0.9987441897392273,7963.0,0.9983402490615845,3615.0,0.9977452158927917,3548.0,0.9979904890060425,5474.0,0.9997919201850891,9611.0,0.9995836019515991,4803.0,0.9982956051826477,51632.0,0.9987514615058899,17621.0,0.9995455145835876,6601.0,0.9997087717056274,10302.0,0.9994368553161621,7103.0,0.9994418621063232,7167.0,0.9997202754020691,7150.0,0.9985634684562683,6265.0,0.9995452761650085,4398.0,0.9991735816001892,13310.0,0.9981685876846313,55149.0,0.9982885122299194,14607.0,,,,,,29,35459,0.9986212253570557,0.9952526092529297
